date,store_id,temperature_c,precipitation_mm,humidity_pct,weather_condition,is_holiday,local_event,is_local_event,event_type,event_magnitude
2024-04-01,STORE01,8.9,0.0,38.0,Sunny,0,,0,,0
2024-04-02,STORE01,8.5,0.0,56.9,Clear,0,,0,,0
2024-04-03,STORE01,15.4,0.0,59.2,Cloudy,0,,0,,0
2024-04-04,STORE01,17.0,0.0,35.5,Sunny,0,,0,,0
2024-04-05,STORE01,17.8,0.0,31.2,Cloudy,0,IPL Match — Home Game,1,cricket_match,2
2024-04-06,STORE01,9.7,0.0,35.3,Cloudy,0,,0,,0
2024-04-07,STORE01,9.9,17.4,42.5,Stormy,0,,0,,0
2024-04-08,STORE01,9.6,0.0,44.9,Sunny,0,,0,,0
2024-04-09,STORE01,8.6,17.2,41.8,Stormy,0,,0,,0
2024-04-10,STORE01,17.3,0.0,21.4,Sunny,0,,0,,0
2024-04-11,STORE01,12.4,19.0,44.4,Stormy,0,,0,,0
2024-04-12,STORE01,13.1,0.0,26.1,Cloudy,0,IPL Match — Rivalry,1,cricket_match,3
2024-04-13,STORE01,6.0,0.0,35.6,Cloudy,0,,0,,0
2024-04-14,STORE01,15.3,0.0,42.7,Sunny,0,,0,,0
2024-04-15,STORE01,13.4,0.0,25.6,Clear,0,,0,,0
2024-04-16,STORE01,14.9,21.2,39.4,Stormy,0,,0,,0
2024-04-17,STORE01,10.4,17.4,46.7,Stormy,0,,0,,0
2024-04-18,STORE01,10.6,0.0,30.1,Cloudy,0,,0,,0
2024-04-19,STORE01,17.8,0.0,24.8,Windy,0,IPL Match,1,cricket_match,2
2024-04-20,STORE01,20.2,19.0,20.0,Stormy,0,,0,,0
2024-04-21,STORE01,15.1,18.2,22.3,Stormy,0,,0,,0
2024-04-22,STORE01,8.9,19.2,27.3,Stormy,0,,0,,0
2024-04-23,STORE01,15.1,0.0,27.0,Cloudy,0,,0,,0
2024-04-24,STORE01,10.8,0.0,38.0,Cloudy,0,,0,,0
2024-04-25,STORE01,17.2,0.0,46.3,Sunny,0,,0,,0
2024-04-26,STORE01,8.7,17.5,42.5,Stormy,0,IPL Match — Home Game,1,cricket_match,2
2024-04-27,STORE01,8.8,0.0,27.7,Windy,0,,0,,0
2024-04-28,STORE01,10.8,0.0,38.2,Sunny,0,,0,,0
2024-04-29,STORE01,14.2,0.0,29.7,Sunny,0,,0,,0
2024-04-30,STORE01,12.6,18.4,20.0,Stormy,0,,0,,0
2024-05-01,STORE01,19.6,0.0,48.7,Sunny,0,,0,,0
2024-05-02,STORE01,13.7,0.0,42.5,Cloudy,0,,0,,0
2024-05-03,STORE01,21.9,0.0,38.5,Clear,0,IPL Match,1,cricket_match,2
2024-05-04,STORE01,18.8,22.0,34.3,Stormy,0,,0,,0
2024-05-05,STORE01,25.8,0.0,36.7,Cloudy,0,,0,,0
2024-05-06,STORE01,17.0,0.0,34.9,Windy,0,,0,,0
2024-05-07,STORE01,13.3,16.5,39.3,Stormy,0,,0,,0
2024-05-08,STORE01,25.0,0.0,28.5,Cloudy,0,,0,,0
2024-05-09,STORE01,18.2,16.1,46.6,Stormy,0,,0,,0
2024-05-10,STORE01,22.0,0.0,42.3,Sunny,0,IPL Match — Playoff,1,cricket_match,3
2024-05-11,STORE01,25.3,18.2,22.6,Stormy,0,,0,,0
2024-05-12,STORE01,23.2,16.9,47.4,Stormy,0,,0,,0
2024-05-13,STORE01,13.4,0.0,59.1,Sunny,0,,0,,0
2024-05-14,STORE01,15.3,0.0,26.1,Clear,0,,0,,0
2024-05-15,STORE01,17.7,17.7,37.3,Stormy,0,,0,,0
2024-05-16,STORE01,11.4,0.0,32.4,Sunny,0,,0,,0
2024-05-17,STORE01,28.3,16.1,20.0,Stormy,0,IPL Match,1,cricket_match,2
2024-05-18,STORE01,16.4,15.9,44.6,Stormy,0,,0,,0
2024-05-19,STORE01,22.5,0.0,59.6,Clear,0,,0,,0
2024-05-20,STORE01,21.1,17.2,35.3,Stormy,0,,0,,0
2024-05-21,STORE01,22.8,16.0,37.2,Stormy,0,,0,,0
2024-05-22,STORE01,16.9,0.0,24.0,Clear,0,,0,,0
2024-05-23,STORE01,23.7,16.2,33.7,Stormy,0,,0,,0
2024-05-24,STORE01,24.8,18.9,46.9,Stormy,0,IPL Final (if qualified),1,cricket_match,3
2024-05-25,STORE01,24.6,0.0,22.6,Clear,0,,0,,0
2024-05-26,STORE01,13.3,22.3,25.2,Stormy,0,,0,,0
2024-05-27,STORE01,21.2,0.0,34.3,Clear,0,,0,,0
2024-05-28,STORE01,17.6,17.9,37.9,Stormy,0,,0,,0
2024-05-29,STORE01,19.7,0.0,50.5,Sunny,0,,0,,0
2024-05-30,STORE01,21.7,0.0,34.8,Clear,0,,0,,0
2024-05-31,STORE01,20.0,15.7,40.1,Stormy,0,,0,,0
2024-06-01,STORE01,23.9,16.2,52.4,Stormy,0,,0,,0
2024-06-02,STORE01,28.4,0.0,36.9,Sunny,0,,0,,0
2024-06-03,STORE01,36.2,0.0,68.8,Cloudy,0,,0,,0
2024-06-04,STORE01,29.6,0.0,54.1,Cloudy,0,,0,,0
2024-06-05,STORE01,27.1,14.4,34.5,Rainy,0,,0,,0
2024-06-06,STORE01,19.1,0.0,39.2,Cloudy,0,,0,,0
2024-06-07,STORE01,26.4,0.0,53.7,Sunny,0,,0,,0
2024-06-08,STORE01,30.5,0.0,60.5,Sunny,0,,0,,0
2024-06-09,STORE01,27.3,0.0,33.4,Sunny,0,,0,,0
2024-06-10,STORE01,20.5,11.8,44.9,Rainy,0,,0,,0
2024-06-11,STORE01,17.2,0.0,48.4,Windy,0,,0,,0
2024-06-12,STORE01,33.3,0.0,36.9,Cloudy,0,,0,,0
2024-06-13,STORE01,26.2,14.5,44.1,Rainy,0,,0,,0
2024-06-14,STORE01,24.8,0.0,55.4,Clear,0,,0,,0
2024-06-15,STORE01,34.8,0.0,43.4,Windy,0,Summer Sale,1,sale_event,2
2024-06-16,STORE01,27.5,0.0,44.4,Cloudy,0,,0,,0
2024-06-17,STORE01,29.9,0.0,52.5,Cloudy,0,,0,,0
2024-06-18,STORE01,23.5,12.4,39.2,Rainy,0,,0,,0
2024-06-19,STORE01,30.9,0.0,44.1,Clear,0,,0,,0
2024-06-20,STORE01,29.1,0.0,46.8,Sunny,0,,0,,0
2024-06-21,STORE01,20.6,0.0,23.3,Cloudy,0,,0,,0
2024-06-22,STORE01,24.1,13.8,44.5,Rainy,0,,0,,0
2024-06-23,STORE01,27.6,0.0,40.8,Cloudy,0,,0,,0
2024-06-24,STORE01,29.2,0.0,33.3,Sunny,0,,0,,0
2024-06-25,STORE01,33.9,0.0,34.7,Cloudy,0,,0,,0
2024-06-26,STORE01,28.4,0.0,45.2,Sunny,0,,0,,0
2024-06-27,STORE01,29.2,0.0,43.8,Cloudy,0,,0,,0
2024-06-28,STORE01,27.5,0.0,42.9,Clear,0,,0,,0
2024-06-29,STORE01,24.7,12.7,46.5,Rainy,0,,0,,0
2024-06-30,STORE01,25.9,11.6,45.1,Rainy,0,,0,,0
2024-07-01,STORE01,19.8,5.7,43.8,Rainy,0,Monsoon Clearance,1,sale_event,1
2024-07-02,STORE01,29.3,0.0,44.1,Sunny,0,,0,,0
2024-07-03,STORE01,24.1,6.0,56.3,Rainy,0,,0,,0
2024-07-04,STORE01,30.6,0.0,52.3,Windy,0,,0,,0
2024-07-05,STORE01,27.2,6.7,30.3,Rainy,0,,0,,0
2024-07-06,STORE01,25.2,0.0,46.6,Sunny,0,,0,,0
2024-07-07,STORE01,27.8,7.1,57.8,Rainy,0,,0,,0
2024-07-08,STORE01,26.7,0.0,38.7,Clear,0,,0,,0
2024-07-09,STORE01,23.9,0.0,73.5,Sunny,0,,0,,0
2024-07-10,STORE01,27.7,0.0,66.5,Windy,0,,0,,0
2024-07-11,STORE01,26.5,7.6,56.1,Rainy,0,,0,,0
2024-07-12,STORE01,20.1,7.8,78.2,Rainy,0,,0,,0
2024-07-13,STORE01,29.4,10.6,50.2,Rainy,0,,0,,0
2024-07-14,STORE01,27.9,0.0,55.5,Sunny,0,,0,,0
2024-07-15,STORE01,24.7,0.0,77.2,Sunny,0,,0,,0
2024-07-16,STORE01,36.8,5.9,66.3,Rainy,0,,0,,0
2024-07-17,STORE01,26.3,0.0,66.9,Cloudy,0,,0,,0
2024-07-18,STORE01,26.0,8.0,63.3,Rainy,0,,0,,0
2024-07-19,STORE01,20.3,0.0,53.1,Cloudy,0,,0,,0
2024-07-20,STORE01,34.3,6.0,67.0,Rainy,0,,0,,0
2024-07-21,STORE01,26.9,0.0,55.7,Sunny,0,,0,,0
2024-07-22,STORE01,32.5,0.0,50.9,Cloudy,0,,0,,0
2024-07-23,STORE01,27.0,5.9,63.1,Rainy,0,,0,,0
2024-07-24,STORE01,27.5,6.2,63.4,Rainy,0,,0,,0
2024-07-25,STORE01,28.6,6.8,54.7,Rainy,0,,0,,0
2024-07-26,STORE01,25.7,0.0,76.7,Clear,0,,0,,0
2024-07-27,STORE01,29.7,5.7,60.2,Rainy,0,,0,,0
2024-07-28,STORE01,26.8,9.1,73.8,Rainy,0,,0,,0
2024-07-29,STORE01,26.7,7.6,69.6,Rainy,0,,0,,0
2024-07-30,STORE01,27.1,0.0,59.2,Windy,0,,0,,0
2024-07-31,STORE01,26.6,6.5,53.7,Rainy,0,,0,,0
2024-08-01,STORE01,30.1,1.6,72.4,Rainy,0,,0,,0
2024-08-02,STORE01,19.5,1.9,56.2,Rainy,0,,0,,0
2024-08-03,STORE01,29.9,4.4,57.3,Rainy,0,,0,,0
2024-08-04,STORE01,27.0,0.2,58.3,Rainy,0,,0,,0
2024-08-05,STORE01,22.3,0.0,60.8,Clear,0,,0,,0
2024-08-06,STORE01,32.6,0.0,49.0,Clear,0,,0,,0
2024-08-07,STORE01,26.6,0.0,76.2,Cloudy,0,,0,,0
2024-08-08,STORE01,27.4,0.2,69.3,Rainy,0,,0,,0
2024-08-09,STORE01,22.5,0.0,69.9,Clear,0,,0,,0
2024-08-10,STORE01,30.0,0.8,55.1,Rainy,0,Freedom Sale,1,sale_event,2
2024-08-11,STORE01,28.2,0.0,63.5,Cloudy,0,,0,,0
2024-08-12,STORE01,25.8,0.0,62.5,Cloudy,0,,0,,0
2024-08-13,STORE01,25.7,0.0,62.9,Cloudy,0,,0,,0
2024-08-14,STORE01,18.1,0.7,61.2,Rainy,0,,0,,0
2024-08-15,STORE01,25.0,1.0,75.3,Rainy,1,Independence Day,1,holiday,3
2024-08-16,STORE01,32.6,0.0,60.0,Clear,0,,0,,0
2024-08-17,STORE01,20.5,9.2,64.4,Rainy,0,,0,,0
2024-08-18,STORE01,25.8,0.0,76.9,Sunny,0,,0,,0
2024-08-19,STORE01,26.7,0.0,68.2,Sunny,0,,0,,0
2024-08-20,STORE01,24.4,0.0,62.5,Sunny,0,,0,,0
2024-08-21,STORE01,23.1,0.0,55.6,Cloudy,0,,0,,0
2024-08-22,STORE01,25.4,0.0,46.2,Cloudy,0,,0,,0
2024-08-23,STORE01,24.8,0.0,61.6,Sunny,0,,0,,0
2024-08-24,STORE01,25.8,0.0,48.1,Windy,0,,0,,0
2024-08-25,STORE01,27.0,0.0,59.7,Windy,0,,0,,0
2024-08-26,STORE01,23.9,0.0,64.6,Clear,1,Janmashtami,1,festival,2
2024-08-27,STORE01,20.3,0.0,70.9,Sunny,0,,0,,0
2024-08-28,STORE01,31.9,0.0,72.2,Sunny,0,,0,,0
2024-08-29,STORE01,25.8,0.0,56.8,Cloudy,0,,0,,0
2024-08-30,STORE01,24.5,0.0,60.3,Sunny,0,,0,,0
2024-08-31,STORE01,26.3,0.0,70.1,Cloudy,0,,0,,0
2024-09-01,STORE01,19.6,0.0,86.7,Foggy,0,,0,,0
2024-09-02,STORE01,27.0,0.1,77.4,Rainy,0,,0,,0
2024-09-03,STORE01,16.3,1.5,59.1,Rainy,0,,0,,0
2024-09-04,STORE01,14.8,0.0,61.4,Clear,0,,0,,0
2024-09-05,STORE01,17.8,0.0,69.8,Cloudy,0,,0,,0
2024-09-06,STORE01,15.0,0.0,74.1,Sunny,0,,0,,0
2024-09-07,STORE01,14.0,0.8,77.8,Rainy,1,Ganesh Chaturthi,1,festival,2
2024-09-08,STORE01,17.8,0.0,78.5,Cloudy,0,,0,,0
2024-09-09,STORE01,27.7,0.8,54.9,Rainy,0,,0,,0
2024-09-10,STORE01,17.0,1.6,69.3,Rainy,0,,0,,0
2024-09-11,STORE01,21.2,0.0,66.8,Cloudy,0,,0,,0
2024-09-12,STORE01,22.6,0.0,76.5,Clear,0,,0,,0
2024-09-13,STORE01,21.1,1.3,63.6,Rainy,0,,0,,0
2024-09-14,STORE01,21.7,0.0,66.3,Sunny,0,,0,,0
2024-09-15,STORE01,21.4,5.3,82.0,Rainy,0,,0,,0
2024-09-16,STORE01,25.8,0.0,72.7,Sunny,0,,0,,0
2024-09-17,STORE01,18.0,0.0,63.5,Cloudy,0,,0,,0
2024-09-18,STORE01,14.0,0.0,75.8,Cloudy,0,,0,,0
2024-09-19,STORE01,25.9,0.0,77.6,Sunny,0,,0,,0
2024-09-20,STORE01,13.6,0.7,88.9,Rainy,0,,0,,0
2024-09-21,STORE01,20.3,0.0,75.4,Windy,0,,0,,0
2024-09-22,STORE01,19.8,0.1,64.4,Rainy,0,,0,,0
2024-09-23,STORE01,21.4,0.0,73.0,Cloudy,0,,0,,0
2024-09-24,STORE01,18.1,0.6,73.8,Rainy,0,,0,,0
2024-09-25,STORE01,19.0,0.0,44.1,Cloudy,0,,0,,0
2024-09-26,STORE01,26.1,0.0,64.1,Sunny,0,,0,,0
2024-09-27,STORE01,17.4,0.0,71.3,Windy,0,,0,,0
2024-09-28,STORE01,16.3,0.0,69.2,Clear,0,,0,,0
2024-09-29,STORE01,21.7,0.0,86.7,Foggy,0,,0,,0
2024-09-30,STORE01,14.8,0.0,79.6,Clear,0,,0,,0
2024-10-01,STORE01,11.0,1.8,68.3,Rainy,0,Festive Season Sale,1,sale_event,3
2024-10-02,STORE01,10.9,0.8,76.9,Rainy,0,,0,,0
2024-10-03,STORE01,15.5,0.6,64.9,Rainy,1,Navratri Day 1,1,festival,3
2024-10-04,STORE01,14.1,1.8,82.9,Rainy,1,Navratri Day 2,1,festival,3
2024-10-05,STORE01,16.4,0.0,86.0,Foggy,1,Navratri Day 3,1,festival,3
2024-10-06,STORE01,7.9,0.0,70.4,Clear,1,Navratri Day 4,1,festival,3
2024-10-07,STORE01,18.0,0.0,68.8,Windy,1,Navratri Day 5,1,festival,3
2024-10-08,STORE01,13.8,0.2,72.6,Rainy,1,Navratri Day 6,1,festival,3
2024-10-09,STORE01,9.1,1.7,71.9,Rainy,1,Navratri Day 7,1,festival,3
2024-10-10,STORE01,10.6,0.0,88.0,Foggy,1,Navratri Day 8,1,festival,3
2024-10-11,STORE01,8.8,0.0,86.8,Foggy,1,Navratri Day 9 (Maha Navami),1,festival,3
2024-10-12,STORE01,7.2,5.0,92.5,Rainy,1,Dussehra,1,festival,3
2024-10-13,STORE01,9.8,2.6,68.9,Rainy,0,,0,,0
2024-10-14,STORE01,13.9,0.0,80.6,Foggy,0,,0,,0
2024-10-15,STORE01,19.0,1.7,73.8,Rainy,0,,0,,0
2024-10-16,STORE01,13.2,3.7,74.6,Rainy,0,,0,,0
2024-10-17,STORE01,15.7,0.0,76.1,Sunny,0,,0,,0
2024-10-18,STORE01,8.3,0.0,67.8,Sunny,0,,0,,0
2024-10-19,STORE01,4.5,0.0,79.1,Clear,0,,0,,0
2024-10-20,STORE01,10.7,0.0,93.7,Foggy,0,,0,,0
2024-10-21,STORE01,12.9,0.0,61.6,Sunny,0,,0,,0
2024-10-22,STORE01,20.0,3.8,66.2,Rainy,0,,0,,0
2024-10-23,STORE01,14.0,0.0,81.9,Foggy,0,,0,,0
2024-10-24,STORE01,12.4,0.0,79.0,Sunny,0,,0,,0
2024-10-25,STORE01,16.6,2.0,81.1,Rainy,0,,0,,0
2024-10-26,STORE01,13.4,0.0,70.1,Sunny,0,,0,,0
2024-10-27,STORE01,8.7,0.0,66.9,Sunny,0,,0,,0
2024-10-28,STORE01,8.8,0.1,77.9,Rainy,0,,0,,0
2024-10-29,STORE01,12.1,0.0,74.2,Clear,0,,0,,0
2024-10-30,STORE01,17.8,0.0,65.1,Clear,0,,0,,0
2024-10-31,STORE01,10.6,0.0,75.3,Sunny,0,,0,,0
2024-11-01,STORE01,-0.3,0.0,72.5,Clear,1,Diwali,1,festival,3
2024-11-02,STORE01,3.3,2.9,57.9,Rainy,1,Diwali (Govardhan Puja),1,festival,3
2024-11-03,STORE01,8.4,2.7,67.9,Rainy,1,Bhai Dooj,1,festival,2
2024-11-04,STORE01,3.7,0.0,80.9,Foggy,0,,0,,0
2024-11-05,STORE01,9.3,0.0,87.8,Foggy,0,,0,,0
2024-11-06,STORE01,0.1,0.0,68.6,Clear,0,,0,,0
2024-11-07,STORE01,6.0,1.7,80.4,Rainy,0,,0,,0
2024-11-08,STORE01,11.0,0.0,84.2,Foggy,0,,0,,0
2024-11-09,STORE01,6.4,0.2,70.7,Rainy,0,,0,,0
2024-11-10,STORE01,4.8,0.2,64.2,Rainy,0,,0,,0
2024-11-11,STORE01,5.1,0.0,68.3,Cloudy,0,,0,,0
2024-11-12,STORE01,5.1,0.0,63.6,Clear,0,,0,,0
2024-11-13,STORE01,5.2,0.3,61.5,Rainy,0,,0,,0
2024-11-14,STORE01,1.6,0.1,66.8,Rainy,0,,0,,0
2024-11-15,STORE01,9.2,0.0,75.9,Sunny,0,Sabarmati Festival,1,concert,2
2024-11-16,STORE01,0.6,0.1,76.6,Rainy,0,,0,,0
2024-11-17,STORE01,14.5,0.0,72.1,Sunny,0,,0,,0
2024-11-18,STORE01,5.1,0.0,63.4,Sunny,0,,0,,0
2024-11-19,STORE01,6.3,1.3,73.0,Rainy,0,,0,,0
2024-11-20,STORE01,5.4,0.0,89.9,Foggy,0,,0,,0
2024-11-21,STORE01,7.5,0.0,71.1,Sunny,0,,0,,0
2024-11-22,STORE01,1.9,0.0,53.3,Sunny,0,,0,,0
2024-11-23,STORE01,-0.2,0.0,78.1,Clear,0,,0,,0
2024-11-24,STORE01,3.9,3.6,74.6,Rainy,0,,0,,0
2024-11-25,STORE01,8.9,0.0,79.0,Sunny,0,,0,,0
2024-11-26,STORE01,4.7,0.0,76.9,Sunny,0,,0,,0
2024-11-27,STORE01,16.1,0.0,76.7,Sunny,0,,0,,0
2024-11-28,STORE01,-2.5,0.1,72.0,Snowy,0,,0,,0
2024-11-29,STORE01,4.6,0.0,84.3,Foggy,0,,0,,0
2024-11-30,STORE01,4.8,0.0,47.1,Sunny,0,,0,,0
2024-12-01,STORE01,1.8,0.2,62.7,Rainy,0,,0,,0
2024-12-02,STORE01,-6.6,0.0,59.1,Clear,0,,0,,0
2024-12-03,STORE01,-6.3,0.0,75.6,Clear,0,,0,,0
2024-12-04,STORE01,3.6,0.0,71.8,Sunny,0,,0,,0
2024-12-05,STORE01,-7.9,0.0,55.0,Clear,0,,0,,0
2024-12-06,STORE01,0.5,3.2,83.0,Rainy,0,,0,,0
2024-12-07,STORE01,-1.8,0.0,80.4,Clear,0,,0,,0
2024-12-08,STORE01,-0.9,0.0,69.8,Clear,0,,0,,0
2024-12-09,STORE01,-1.2,0.0,60.4,Clear,0,,0,,0
2024-12-10,STORE01,-2.6,0.0,64.2,Clear,0,,0,,0
2024-12-11,STORE01,5.3,0.0,75.3,Cloudy,0,,0,,0
2024-12-12,STORE01,-5.6,0.4,55.6,Snowy,0,,0,,0
2024-12-13,STORE01,-5.4,0.0,87.2,Clear,0,,0,,0
2024-12-14,STORE01,-6.9,0.0,84.2,Clear,0,,0,,0
2024-12-15,STORE01,-2.2,0.0,66.5,Clear,0,,0,,0
2024-12-16,STORE01,3.3,0.7,65.5,Rainy,0,,0,,0
2024-12-17,STORE01,-2.8,0.0,69.4,Clear,0,,0,,0
2024-12-18,STORE01,2.1,0.0,63.7,Clear,0,,0,,0
2024-12-19,STORE01,-3.2,0.0,59.1,Clear,0,,0,,0
2024-12-20,STORE01,-3.6,0.0,61.3,Clear,0,Year-End Sale,1,sale_event,2
2024-12-21,STORE01,2.7,0.0,51.3,Cloudy,0,,0,,0
2024-12-22,STORE01,2.2,0.3,47.3,Rainy,0,,0,,0
2024-12-23,STORE01,0.6,1.0,61.0,Rainy,0,,0,,0
2024-12-24,STORE01,6.8,0.0,71.0,Sunny,0,,0,,0
2024-12-25,STORE01,-3.8,0.0,59.7,Clear,0,Christmas Sale,1,sale_event,1
2024-12-26,STORE01,3.1,0.0,65.1,Cloudy,0,,0,,0
2024-12-27,STORE01,4.3,0.0,74.2,Sunny,0,,0,,0
2024-12-28,STORE01,-4.8,0.0,70.9,Clear,0,,0,,0
2024-12-29,STORE01,-1.6,0.5,67.2,Snowy,0,,0,,0
2024-12-30,STORE01,2.9,0.0,87.4,Foggy,0,,0,,0
2024-12-31,STORE01,-5.4,0.0,61.2,Clear,0,New Year's Eve Concert,1,concert,2
2025-01-01,STORE01,-0.3,0.0,43.1,Clear,0,,0,,0
2025-01-02,STORE01,-4.0,0.0,54.6,Clear,0,,0,,0
2025-01-03,STORE01,-3.3,7.6,54.7,Rainy,0,,0,,0
2025-01-04,STORE01,-3.4,7.9,54.4,Rainy,0,,0,,0
2025-01-05,STORE01,-5.5,0.0,57.7,Clear,0,,0,,0
2025-01-06,STORE01,5.7,0.0,65.4,Sunny,0,,0,,0
2025-01-07,STORE01,-5.9,6.3,40.5,Rainy,0,,0,,0
2025-01-08,STORE01,-1.8,6.2,51.9,Rainy,0,,0,,0
2025-01-09,STORE01,-7.2,6.2,56.2,Rainy,0,,0,,0
2025-01-10,STORE01,-0.5,6.7,40.4,Rainy,0,New Year Sale,1,sale_event,2
2025-01-11,STORE01,-7.7,7.2,35.2,Rainy,0,,0,,0
2025-01-12,STORE01,-7.0,6.0,63.1,Rainy,0,,0,,0
2025-01-13,STORE01,2.3,0.0,62.8,Windy,0,,0,,0
2025-01-14,STORE01,-1.2,0.0,40.1,Clear,1,Uttarayan (Makar Sankranti),1,festival,3
2025-01-15,STORE01,-7.7,0.0,73.3,Clear,1,Uttarayan Day 2,1,festival,3
2025-01-16,STORE01,0.4,0.0,56.9,Cloudy,0,,0,,0
2025-01-17,STORE01,-8.1,11.0,51.3,Rainy,0,,0,,0
2025-01-18,STORE01,-3.2,6.0,49.4,Rainy,0,,0,,0
2025-01-19,STORE01,-1.5,0.0,58.5,Clear,0,,0,,0
2025-01-20,STORE01,-0.7,0.0,54.5,Clear,0,,0,,0
2025-01-21,STORE01,2.2,0.0,53.6,Clear,0,,0,,0
2025-01-22,STORE01,-6.0,7.6,49.4,Rainy,0,,0,,0
2025-01-23,STORE01,-5.1,0.0,46.0,Clear,0,,0,,0
2025-01-24,STORE01,-1.4,0.0,54.6,Clear,0,,0,,0
2025-01-25,STORE01,-3.7,0.0,42.2,Clear,0,,0,,0
2025-01-26,STORE01,-2.5,0.0,56.4,Clear,1,Republic Day,1,holiday,3
2025-01-27,STORE01,-3.9,0.0,47.5,Clear,0,,0,,0
2025-01-28,STORE01,1.8,0.0,81.5,Foggy,0,,0,,0
2025-01-29,STORE01,-1.4,0.0,64.7,Clear,0,,0,,0
2025-01-30,STORE01,-0.7,0.0,50.4,Clear,0,,0,,0
2025-01-31,STORE01,-2.4,0.0,55.9,Clear,0,,0,,0
2025-02-01,STORE01,-4.2,0.0,37.2,Clear,0,,0,,0
2025-02-02,STORE01,-4.1,13.3,53.1,Rainy,0,,0,,0
2025-02-03,STORE01,1.1,13.5,55.6,Rainy,0,,0,,0
2025-02-04,STORE01,-0.1,0.0,44.4,Clear,0,,0,,0
2025-02-05,STORE01,-2.0,0.0,31.2,Clear,0,,0,,0
2025-02-06,STORE01,2.0,0.0,51.9,Sunny,0,,0,,0
2025-02-07,STORE01,2.7,0.0,55.0,Sunny,0,,0,,0
2025-02-08,STORE01,1.9,15.0,40.6,Rainy,0,,0,,0
2025-02-09,STORE01,-6.7,12.1,45.2,Rainy,0,,0,,0
2025-02-10,STORE01,2.5,0.0,39.5,Clear,0,,0,,0
2025-02-11,STORE01,-0.3,0.0,41.8,Clear,0,,0,,0
2025-02-12,STORE01,4.2,15.0,56.5,Rainy,0,,0,,0
2025-02-13,STORE01,4.6,13.7,42.6,Rainy,0,,0,,0
2025-02-14,STORE01,5.3,0.0,45.2,Sunny,0,Valentine's Concert,1,concert,1
2025-02-15,STORE01,2.7,14.2,44.5,Rainy,0,,0,,0
2025-02-16,STORE01,-0.7,0.0,47.9,Clear,0,,0,,0
2025-02-17,STORE01,-1.2,0.0,35.7,Clear,0,,0,,0
2025-02-18,STORE01,-7.2,13.1,33.4,Rainy,0,,0,,0
2025-02-19,STORE01,-0.9,12.3,33.7,Rainy,0,,0,,0
2025-02-20,STORE01,4.6,13.0,37.9,Rainy,0,,0,,0
2025-02-21,STORE01,4.5,13.2,51.0,Rainy,0,,0,,0
2025-02-22,STORE01,-2.5,0.0,41.9,Clear,0,,0,,0
2025-02-23,STORE01,-1.4,14.6,45.4,Rainy,0,,0,,0
2025-02-24,STORE01,-5.4,12.4,38.0,Rainy,0,,0,,0
2025-02-25,STORE01,-0.9,12.9,45.4,Rainy,0,,0,,0
2025-02-26,STORE01,-1.5,12.0,39.5,Rainy,0,,0,,0
2025-02-27,STORE01,-1.9,13.5,41.7,Rainy,0,,0,,0
2025-02-28,STORE01,-9.9,0.0,51.1,Clear,0,,0,,0
2025-03-01,STORE01,0.0,0.0,42.3,Clear,0,,0,,0
2025-03-02,STORE01,-5.2,16.8,20.0,Stormy,0,,0,,0
2025-03-03,STORE01,3.7,0.0,42.9,Sunny,0,,0,,0
2025-03-04,STORE01,1.8,16.5,37.0,Stormy,0,,0,,0
2025-03-05,STORE01,-4.0,17.0,52.4,Stormy,0,,0,,0
2025-03-06,STORE01,0.0,16.5,20.0,Stormy,0,,0,,0
2025-03-07,STORE01,8.6,0.0,36.4,Sunny,0,,0,,0
2025-03-08,STORE01,7.8,15.6,51.4,Stormy,0,Ahmedabad Food Festival,1,sale_event,1
2025-03-09,STORE01,9.7,19.9,55.6,Stormy,0,,0,,0
2025-03-10,STORE01,6.2,0.0,23.6,Windy,0,,0,,0
2025-03-11,STORE01,6.0,0.0,40.1,Sunny,0,,0,,0
2025-03-12,STORE01,-2.8,19.5,48.4,Stormy,0,,0,,0
2025-03-13,STORE01,6.6,0.0,41.1,Cloudy,0,,0,,0
2025-03-14,STORE01,4.3,0.0,52.2,Sunny,1,Holi,1,festival,3
2025-03-15,STORE01,6.8,16.0,27.9,Stormy,1,Holi (Dhuleti),1,festival,2
2025-03-16,STORE01,8.8,0.0,32.3,Sunny,0,,0,,0
2025-03-17,STORE01,0.1,0.0,34.1,Cloudy,0,,0,,0
2025-03-18,STORE01,2.1,0.0,33.2,Sunny,0,,0,,0
2025-03-19,STORE01,-0.7,0.0,46.6,Clear,0,,0,,0
2025-03-20,STORE01,-2.0,16.5,37.1,Stormy,0,,0,,0
2025-03-21,STORE01,9.2,0.0,32.2,Cloudy,0,,0,,0
2025-03-22,STORE01,4.8,0.0,35.8,Sunny,0,,0,,0
2025-03-23,STORE01,8.8,0.0,21.2,Cloudy,0,,0,,0
2025-03-24,STORE01,4.6,0.0,51.8,Cloudy,0,,0,,0
2025-03-25,STORE01,6.8,16.3,32.6,Stormy,0,,0,,0
2025-03-26,STORE01,-1.6,0.0,30.8,Clear,0,,0,,0
2025-03-27,STORE01,3.0,0.0,50.7,Sunny,0,,0,,0
2025-03-28,STORE01,13.9,0.0,62.2,Sunny,0,,0,,0
2025-03-29,STORE01,0.1,0.0,24.7,Sunny,0,,0,,0
2025-03-30,STORE01,9.2,0.0,47.2,Clear,0,,0,,0
2025-03-31,STORE01,3.6,16.8,20.0,Stormy,0,,0,,0
2025-04-01,STORE01,15.7,0.0,28.3,Cloudy,0,,0,,0
2025-04-02,STORE01,10.5,0.0,37.2,Sunny,0,,0,,0
2025-04-03,STORE01,11.5,0.0,41.2,Clear,0,,0,,0
2025-04-04,STORE01,9.2,0.0,26.2,Cloudy,0,,0,,0
2025-04-05,STORE01,9.5,0.0,28.8,Clear,0,IPL Match — Home Game,1,cricket_match,2
2025-04-06,STORE01,6.7,17.5,20.0,Stormy,0,,0,,0
2025-04-07,STORE01,18.7,21.9,22.0,Stormy,0,,0,,0
2025-04-08,STORE01,10.2,17.8,41.8,Stormy,0,,0,,0
2025-04-09,STORE01,13.3,0.0,55.3,Clear,0,,0,,0
2025-04-10,STORE01,5.4,0.0,26.9,Clear,0,,0,,0
2025-04-11,STORE01,10.8,21.0,29.1,Stormy,0,,0,,0
2025-04-12,STORE01,16.7,0.0,42.2,Cloudy,0,IPL Match — Rivalry,1,cricket_match,3
2025-04-13,STORE01,3.8,0.0,53.7,Sunny,0,,0,,0
2025-04-14,STORE01,7.2,0.0,41.6,Clear,0,,0,,0
2025-04-15,STORE01,13.7,0.0,36.4,Sunny,0,,0,,0
2025-04-16,STORE01,7.5,0.0,20.0,Clear,0,,0,,0
2025-04-17,STORE01,16.1,0.0,25.7,Sunny,0,,0,,0
2025-04-18,STORE01,13.8,0.0,38.9,Cloudy,0,,0,,0
2025-04-19,STORE01,11.5,17.7,26.6,Stormy,0,IPL Match,1,cricket_match,2
2025-04-20,STORE01,10.3,0.0,37.8,Sunny,0,,0,,0
2025-04-21,STORE01,16.8,18.6,45.8,Stormy,0,,0,,0
2025-04-22,STORE01,9.3,20.0,33.0,Stormy,0,,0,,0
2025-04-23,STORE01,11.2,18.2,38.7,Stormy,0,,0,,0
2025-04-24,STORE01,14.9,0.0,45.4,Cloudy,0,,0,,0
2025-04-25,STORE01,11.0,22.4,34.6,Stormy,0,,0,,0
2025-04-26,STORE01,11.9,0.0,36.7,Sunny,0,IPL Match — Home Game,1,cricket_match,2
2025-04-27,STORE01,15.9,0.0,40.5,Sunny,0,,0,,0
2025-04-28,STORE01,5.5,0.0,38.9,Clear,0,,0,,0
2025-04-29,STORE01,4.7,0.0,21.4,Sunny,0,,0,,0
2025-04-30,STORE01,7.3,17.5,27.4,Stormy,0,,0,,0
2025-05-01,STORE01,23.1,0.0,34.1,Clear,0,,0,,0
2025-05-02,STORE01,18.7,18.8,26.0,Stormy,0,,0,,0
2025-05-03,STORE01,17.2,16.6,38.4,Stormy,0,IPL Match,1,cricket_match,2
2025-05-04,STORE01,21.9,19.1,56.1,Stormy,0,,0,,0
2025-05-05,STORE01,14.3,17.3,30.7,Stormy,0,,0,,0
2025-05-06,STORE01,12.9,15.9,26.7,Stormy,0,,0,,0
2025-05-07,STORE01,18.6,18.0,32.1,Stormy,0,,0,,0
2025-05-08,STORE01,15.8,18.2,28.1,Stormy,0,,0,,0
2025-05-09,STORE01,18.6,17.7,20.0,Stormy,0,,0,,0
2025-05-10,STORE01,27.4,15.9,40.9,Stormy,0,IPL Match — Playoff,1,cricket_match,3
2025-05-11,STORE01,18.9,0.0,32.3,Cloudy,0,,0,,0
2025-05-12,STORE01,12.1,0.0,41.9,Sunny,0,,0,,0
2025-05-13,STORE01,17.7,0.0,34.5,Windy,0,,0,,0
2025-05-14,STORE01,17.3,0.0,46.2,Clear,0,,0,,0
2025-05-15,STORE01,16.7,18.2,25.1,Stormy,0,,0,,0
2025-05-16,STORE01,17.9,21.2,34.6,Stormy,0,,0,,0
2025-05-17,STORE01,19.0,0.0,40.1,Cloudy,0,IPL Match,1,cricket_match,2
2025-05-18,STORE01,17.2,0.0,31.6,Windy,0,,0,,0
2025-05-19,STORE01,15.8,19.3,48.1,Stormy,0,,0,,0
2025-05-20,STORE01,13.3,0.0,36.0,Cloudy,0,,0,,0
2025-05-21,STORE01,25.2,0.0,29.4,Clear,0,,0,,0
2025-05-22,STORE01,20.5,0.0,23.1,Windy,0,,0,,0
2025-05-23,STORE01,22.2,0.0,35.9,Cloudy,0,,0,,0
2025-05-24,STORE01,8.9,0.0,36.4,Sunny,0,IPL Final (if qualified),1,cricket_match,3
2025-05-25,STORE01,15.5,17.6,49.9,Stormy,0,,0,,0
2025-05-26,STORE01,15.9,0.0,38.0,Windy,0,,0,,0
2025-05-27,STORE01,16.8,16.5,49.2,Stormy,0,,0,,0
2025-05-28,STORE01,15.7,0.0,42.8,Clear,0,,0,,0
2025-05-29,STORE01,23.5,17.0,42.7,Stormy,0,,0,,0
2025-05-30,STORE01,15.0,16.2,43.9,Stormy,0,,0,,0
2025-05-31,STORE01,24.7,16.2,40.7,Stormy,0,,0,,0
2025-06-01,STORE01,24.9,0.0,50.2,Cloudy,0,,0,,0
2025-06-02,STORE01,26.3,0.0,50.8,Cloudy,0,,0,,0
2025-06-03,STORE01,26.4,0.0,40.9,Sunny,0,,0,,0
2025-06-04,STORE01,23.3,0.0,33.5,Cloudy,0,,0,,0
2025-06-05,STORE01,24.2,0.0,45.1,Sunny,0,,0,,0
2025-06-06,STORE01,21.9,0.0,38.7,Sunny,0,,0,,0
2025-06-07,STORE01,24.5,0.0,47.8,Sunny,0,,0,,0
2025-06-08,STORE01,24.9,13.1,48.0,Rainy,0,,0,,0
2025-06-09,STORE01,22.1,0.0,52.3,Sunny,0,,0,,0
2025-06-10,STORE01,27.8,0.0,37.3,Sunny,0,,0,,0
2025-06-11,STORE01,25.6,0.0,61.3,Sunny,0,,0,,0
2025-06-12,STORE01,20.7,0.0,46.0,Cloudy,0,,0,,0
2025-06-13,STORE01,22.9,0.0,58.7,Cloudy,0,,0,,0
2025-06-14,STORE01,18.5,0.0,31.9,Sunny,0,,0,,0
2025-06-15,STORE01,25.0,0.0,50.0,Sunny,0,Summer Sale,1,sale_event,2
2025-06-16,STORE01,24.3,0.0,38.6,Sunny,0,,0,,0
2025-06-17,STORE01,21.8,0.0,46.1,Cloudy,0,,0,,0
2025-06-18,STORE01,26.4,0.0,34.6,Cloudy,0,,0,,0
2025-06-19,STORE01,22.6,0.0,45.7,Cloudy,0,,0,,0
2025-06-20,STORE01,23.9,11.5,42.0,Rainy,0,,0,,0
2025-06-21,STORE01,24.7,11.6,48.7,Rainy,0,,0,,0
2025-06-22,STORE01,19.1,0.0,27.1,Cloudy,0,,0,,0
2025-06-23,STORE01,30.7,11.6,47.1,Rainy,0,,0,,0
2025-06-24,STORE01,24.7,14.9,53.1,Rainy,0,,0,,0
2025-06-25,STORE01,21.1,0.0,36.8,Sunny,0,,0,,0
2025-06-26,STORE01,24.8,0.0,51.1,Clear,0,,0,,0
2025-06-27,STORE01,24.2,0.0,51.5,Windy,0,,0,,0
2025-06-28,STORE01,25.5,16.8,36.5,Stormy,0,,0,,0
2025-06-29,STORE01,32.9,14.0,37.5,Rainy,0,,0,,0
2025-06-30,STORE01,24.3,14.9,30.3,Rainy,0,,0,,0
2025-07-01,STORE01,34.0,0.0,56.8,Sunny,0,Monsoon Clearance,1,sale_event,1
2025-07-02,STORE01,29.6,0.0,60.2,Clear,0,,0,,0
2025-07-03,STORE01,24.5,13.2,64.5,Rainy,0,,0,,0
2025-07-04,STORE01,19.5,0.0,67.4,Sunny,0,,0,,0
2025-07-05,STORE01,23.9,0.0,54.3,Cloudy,0,,0,,0
2025-07-06,STORE01,26.8,5.8,57.4,Rainy,0,,0,,0
2025-07-07,STORE01,25.3,0.0,39.5,Cloudy,0,,0,,0
2025-07-08,STORE01,30.5,0.0,60.6,Sunny,0,,0,,0
2025-07-09,STORE01,22.7,0.0,51.6,Clear,0,,0,,0
2025-07-10,STORE01,26.0,0.0,47.5,Cloudy,0,,0,,0
2025-07-11,STORE01,20.6,0.0,58.8,Sunny,0,,0,,0
2025-07-12,STORE01,33.0,11.5,57.7,Rainy,0,,0,,0
2025-07-13,STORE01,25.9,0.0,46.2,Sunny,0,,0,,0
2025-07-14,STORE01,22.6,5.9,68.3,Rainy,0,,0,,0
2025-07-15,STORE01,38.3,0.0,74.8,Clear,0,,0,,0
2025-07-16,STORE01,19.6,6.0,48.8,Rainy,0,,0,,0
2025-07-17,STORE01,27.4,0.0,53.8,Clear,0,,0,,0
2025-07-18,STORE01,36.0,6.1,63.9,Rainy,0,,0,,0
2025-07-19,STORE01,26.4,0.0,41.7,Windy,0,,0,,0
2025-07-20,STORE01,29.4,0.0,40.6,Cloudy,0,,0,,0
2025-07-21,STORE01,26.6,9.5,59.3,Rainy,0,,0,,0
2025-07-22,STORE01,23.5,0.0,65.5,Cloudy,0,,0,,0
2025-07-23,STORE01,26.4,0.0,62.1,Sunny,0,,0,,0
2025-07-24,STORE01,26.2,0.0,56.5,Sunny,0,,0,,0
2025-07-25,STORE01,24.8,0.0,53.8,Windy,0,,0,,0
2025-07-26,STORE01,31.9,0.0,44.4,Cloudy,0,,0,,0
2025-07-27,STORE01,26.2,6.2,33.9,Rainy,0,,0,,0
2025-07-28,STORE01,25.3,0.0,64.4,Sunny,0,,0,,0
2025-07-29,STORE01,24.8,5.9,65.5,Rainy,0,,0,,0
2025-07-30,STORE01,24.7,0.0,70.1,Clear,0,,0,,0
2025-07-31,STORE01,19.8,0.0,58.7,Sunny,0,,0,,0
2025-08-01,STORE01,22.3,1.5,65.1,Rainy,0,,0,,0
2025-08-02,STORE01,20.2,0.0,57.3,Cloudy,0,,0,,0
2025-08-03,STORE01,31.2,0.0,56.7,Sunny,0,,0,,0
2025-08-04,STORE01,29.7,0.8,56.3,Rainy,0,,0,,0
2025-08-05,STORE01,26.9,4.7,65.4,Rainy,0,,0,,0
2025-08-06,STORE01,32.5,0.0,55.0,Cloudy,0,,0,,0
2025-08-07,STORE01,29.1,0.0,56.2,Cloudy,0,,0,,0
2025-08-08,STORE01,26.9,1.8,53.8,Rainy,0,,0,,0
2025-08-09,STORE01,20.6,0.0,61.9,Sunny,0,,0,,0
2025-08-10,STORE01,30.0,0.0,76.6,Sunny,0,Freedom Sale,1,sale_event,2
2025-08-11,STORE01,26.4,0.3,58.1,Rainy,0,,0,,0
2025-08-12,STORE01,22.9,0.0,67.5,Sunny,0,,0,,0
2025-08-13,STORE01,24.2,0.0,66.7,Sunny,0,,0,,0
2025-08-14,STORE01,22.3,0.0,54.1,Sunny,0,,0,,0
2025-08-15,STORE01,24.7,0.0,61.9,Sunny,1,Independence Day,1,holiday,3
2025-08-16,STORE01,20.4,0.0,66.1,Sunny,0,,0,,0
2025-08-17,STORE01,23.4,0.9,66.5,Rainy,0,,0,,0
2025-08-18,STORE01,21.3,0.0,61.4,Sunny,0,,0,,0
2025-08-19,STORE01,26.4,0.0,75.5,Sunny,0,,0,,0
2025-08-20,STORE01,28.5,0.0,63.1,Sunny,0,,0,,0
2025-08-21,STORE01,22.4,0.0,73.5,Sunny,0,,0,,0
2025-08-22,STORE01,29.0,7.1,62.4,Rainy,0,,0,,0
2025-08-23,STORE01,25.3,3.6,46.4,Rainy,0,,0,,0
2025-08-24,STORE01,33.6,1.3,64.7,Rainy,0,,0,,0
2025-08-25,STORE01,25.1,1.9,78.9,Rainy,0,,0,,0
2025-08-26,STORE01,25.7,0.0,72.7,Clear,1,Janmashtami,1,festival,2
2025-08-27,STORE01,23.4,0.1,72.0,Rainy,0,,0,,0
2025-08-28,STORE01,24.3,0.0,69.1,Cloudy,0,,0,,0
2025-08-29,STORE01,28.0,0.0,54.8,Cloudy,0,,0,,0
2025-08-30,STORE01,31.7,0.0,78.8,Sunny,0,,0,,0
2025-08-31,STORE01,30.9,0.0,69.6,Sunny,0,,0,,0
2025-09-01,STORE01,21.9,1.0,74.1,Rainy,0,,0,,0
2025-09-02,STORE01,22.4,1.7,75.3,Rainy,0,,0,,0
2025-09-03,STORE01,14.7,0.0,74.9,Cloudy,0,,0,,0
2025-09-04,STORE01,22.4,0.0,62.0,Cloudy,0,,0,,0
2025-09-05,STORE01,20.2,0.0,72.2,Sunny,0,,0,,0
2025-09-06,STORE01,18.3,0.1,84.2,Rainy,0,,0,,0
2025-09-07,STORE01,23.5,0.0,100.0,Foggy,1,Ganesh Chaturthi,1,festival,2
2025-09-08,STORE01,22.0,1.5,69.6,Rainy,0,,0,,0
2025-09-09,STORE01,20.5,1.2,72.2,Rainy,0,,0,,0
2025-09-10,STORE01,21.1,0.6,65.4,Rainy,0,,0,,0
2025-09-11,STORE01,16.4,0.2,74.3,Rainy,0,,0,,0
2025-09-12,STORE01,25.3,1.2,74.1,Rainy,0,,0,,0
2025-09-13,STORE01,15.5,0.0,59.8,Sunny,0,,0,,0
2025-09-14,STORE01,25.7,0.0,72.1,Cloudy,0,,0,,0
2025-09-15,STORE01,20.9,5.5,74.4,Rainy,0,,0,,0
2025-09-16,STORE01,25.1,0.1,91.3,Rainy,0,,0,,0
2025-09-17,STORE01,16.6,0.0,76.7,Cloudy,0,,0,,0
2025-09-18,STORE01,18.7,1.7,68.6,Rainy,0,,0,,0
2025-09-19,STORE01,23.9,0.0,85.6,Foggy,0,,0,,0
2025-09-20,STORE01,21.2,0.0,77.8,Sunny,0,,0,,0
2025-09-21,STORE01,17.9,2.0,48.2,Rainy,0,,0,,0
2025-09-22,STORE01,13.7,0.0,73.4,Sunny,0,,0,,0
2025-09-23,STORE01,21.8,0.0,86.6,Foggy,0,,0,,0
2025-09-24,STORE01,17.2,0.0,47.9,Sunny,0,,0,,0
2025-09-25,STORE01,18.8,3.6,83.9,Rainy,0,,0,,0
2025-09-26,STORE01,17.0,0.0,80.3,Foggy,0,,0,,0
2025-09-27,STORE01,19.1,0.1,75.9,Rainy,0,,0,,0
2025-09-28,STORE01,18.1,0.0,70.4,Sunny,0,,0,,0
2025-09-29,STORE01,24.0,0.0,59.6,Cloudy,0,,0,,0
2025-09-30,STORE01,26.1,3.0,72.5,Rainy,0,,0,,0
2025-10-01,STORE01,8.9,0.5,70.4,Rainy,0,Festive Season Sale,1,sale_event,3
2025-10-02,STORE01,15.3,0.0,78.3,Sunny,0,,0,,0
2025-10-03,STORE01,15.9,0.0,59.2,Sunny,1,Navratri Day 1,1,festival,3
2025-10-04,STORE01,18.7,0.9,98.1,Rainy,1,Navratri Day 2,1,festival,3
2025-10-05,STORE01,10.0,0.0,81.6,Foggy,1,Navratri Day 3,1,festival,3
2025-10-06,STORE01,6.7,0.5,78.3,Rainy,1,Navratri Day 4,1,festival,3
2025-10-07,STORE01,15.4,4.7,88.2,Rainy,1,Navratri Day 5,1,festival,3
2025-10-08,STORE01,14.8,0.0,66.0,Sunny,1,Navratri Day 6,1,festival,3
2025-10-09,STORE01,13.9,3.5,72.6,Rainy,1,Navratri Day 7,1,festival,3
2025-10-10,STORE01,12.3,4.5,63.3,Rainy,1,Navratri Day 8,1,festival,3
2025-10-11,STORE01,7.8,0.0,60.1,Windy,1,Navratri Day 9 (Maha Navami),1,festival,3
2025-10-12,STORE01,12.4,0.0,65.7,Sunny,1,Dussehra,1,festival,3
2025-10-13,STORE01,19.3,0.0,55.7,Windy,0,,0,,0
2025-10-14,STORE01,13.0,0.0,57.6,Sunny,0,,0,,0
2025-10-15,STORE01,19.9,0.0,90.4,Foggy,0,,0,,0
2025-10-16,STORE01,18.1,0.0,73.2,Clear,0,,0,,0
2025-10-17,STORE01,13.8,2.3,60.4,Rainy,0,,0,,0
2025-10-18,STORE01,14.8,0.0,75.1,Clear,0,,0,,0
2025-10-19,STORE01,10.0,0.0,73.5,Clear,0,,0,,0
2025-10-20,STORE01,5.5,0.0,73.5,Sunny,0,,0,,0
2025-10-21,STORE01,14.6,0.0,68.6,Sunny,0,,0,,0
2025-10-22,STORE01,7.6,0.0,72.1,Cloudy,0,,0,,0
2025-10-23,STORE01,13.7,0.0,62.7,Windy,0,,0,,0
2025-10-24,STORE01,13.6,0.2,88.6,Rainy,0,,0,,0
2025-10-25,STORE01,5.9,0.0,80.5,Foggy,0,,0,,0
2025-10-26,STORE01,8.9,0.0,67.4,Clear,0,,0,,0
2025-10-27,STORE01,11.5,0.0,80.2,Foggy,0,,0,,0
2025-10-28,STORE01,12.1,0.0,97.5,Foggy,0,,0,,0
2025-10-29,STORE01,19.4,0.5,83.3,Rainy,0,,0,,0
2025-10-30,STORE01,13.4,0.0,83.1,Foggy,0,,0,,0
2025-10-31,STORE01,14.5,0.0,76.3,Sunny,0,,0,,0
2025-11-01,STORE01,-1.9,0.0,58.7,Clear,1,Diwali,1,festival,3
2025-11-02,STORE01,12.9,0.0,67.8,Sunny,1,Diwali (Govardhan Puja),1,festival,3
2025-11-03,STORE01,5.0,0.6,67.7,Rainy,1,Bhai Dooj,1,festival,2
2025-11-04,STORE01,5.4,0.0,73.0,Windy,0,,0,,0
2025-11-05,STORE01,19.2,0.0,68.9,Clear,0,,0,,0
2025-11-06,STORE01,0.6,0.0,61.3,Clear,0,,0,,0
2025-11-07,STORE01,4.7,0.0,77.8,Windy,0,,0,,0
2025-11-08,STORE01,5.5,6.0,85.1,Rainy,0,,0,,0
2025-11-09,STORE01,3.9,6.3,86.1,Rainy,0,,0,,0
2025-11-10,STORE01,3.8,1.7,63.4,Rainy,0,,0,,0
2025-11-11,STORE01,4.3,2.2,83.9,Rainy,0,,0,,0
2025-11-12,STORE01,7.0,0.0,83.0,Foggy,0,,0,,0
2025-11-13,STORE01,9.7,0.0,59.5,Sunny,0,,0,,0
2025-11-14,STORE01,2.4,1.7,61.8,Rainy,0,,0,,0
2025-11-15,STORE01,12.9,0.0,73.9,Clear,0,Sabarmati Festival,1,concert,2
2025-11-16,STORE01,0.3,0.0,66.4,Sunny,0,,0,,0
2025-11-17,STORE01,-0.1,0.0,82.3,Clear,0,,0,,0
2025-11-18,STORE01,10.6,0.0,85.2,Foggy,0,,0,,0
2025-11-19,STORE01,3.3,0.0,83.7,Foggy,0,,0,,0
2025-11-20,STORE01,1.1,0.0,58.2,Sunny,0,,0,,0
2025-11-21,STORE01,5.8,0.0,66.5,Clear,0,,0,,0
2025-11-22,STORE01,4.8,0.0,68.7,Cloudy,0,,0,,0
2025-11-23,STORE01,1.9,0.3,72.2,Rainy,0,,0,,0
2025-11-24,STORE01,0.2,0.1,77.7,Rainy,0,,0,,0
2025-11-25,STORE01,2.2,0.0,69.4,Cloudy,0,,0,,0
2025-11-26,STORE01,6.9,1.1,84.9,Rainy,0,,0,,0
2025-11-27,STORE01,-1.0,0.0,73.8,Clear,0,,0,,0
2025-11-28,STORE01,5.7,1.4,97.0,Rainy,0,,0,,0
2025-11-29,STORE01,-3.6,2.3,77.0,Snowy,0,,0,,0
2025-11-30,STORE01,5.6,0.0,61.3,Cloudy,0,,0,,0
2025-12-01,STORE01,-3.4,0.0,66.4,Clear,0,,0,,0
2025-12-02,STORE01,1.9,0.0,66.4,Sunny,0,,0,,0
2025-12-03,STORE01,9.5,0.0,62.0,Clear,0,,0,,0
2025-12-04,STORE01,4.9,0.0,59.4,Windy,0,,0,,0
2025-12-05,STORE01,-2.5,0.3,65.5,Snowy,0,,0,,0
2025-12-06,STORE01,-3.4,0.6,76.8,Snowy,0,,0,,0
2025-12-07,STORE01,-5.0,0.6,65.7,Snowy,0,,0,,0
2025-12-08,STORE01,2.2,0.0,64.1,Sunny,0,,0,,0
2025-12-09,STORE01,-0.1,0.0,67.4,Clear,0,,0,,0
2025-12-10,STORE01,1.9,0.0,51.8,Clear,0,,0,,0
2025-12-11,STORE01,-6.7,0.0,81.4,Clear,0,,0,,0
2025-12-12,STORE01,-1.1,0.0,59.5,Clear,0,,0,,0
2025-12-13,STORE01,-2.3,0.0,65.1,Clear,0,,0,,0
2025-12-14,STORE01,-6.4,4.2,58.3,Snowy,0,,0,,0
2025-12-15,STORE01,0.3,0.0,72.1,Cloudy,0,,0,,0
2025-12-16,STORE01,-5.4,0.0,78.3,Clear,0,,0,,0
2025-12-17,STORE01,-0.6,0.0,63.5,Clear,0,,0,,0
2025-12-18,STORE01,5.5,1.2,80.8,Rainy,0,,0,,0
2025-12-19,STORE01,-3.0,0.0,58.5,Clear,0,,0,,0
2025-12-20,STORE01,0.0,1.5,61.3,Rainy,0,Year-End Sale,1,sale_event,2
2025-12-21,STORE01,5.4,0.5,71.3,Rainy,0,,0,,0
2025-12-22,STORE01,-8.0,0.0,62.0,Clear,0,,0,,0
2025-12-23,STORE01,-0.6,0.0,48.5,Clear,0,,0,,0
2025-12-24,STORE01,-2.2,0.0,68.5,Clear,0,,0,,0
2025-12-25,STORE01,-4.4,2.7,70.0,Snowy,0,Christmas Sale,1,sale_event,1
2025-12-26,STORE01,-6.0,0.4,72.0,Snowy,0,,0,,0
2025-12-27,STORE01,-1.1,0.0,69.9,Clear,0,,0,,0
2025-12-28,STORE01,-2.5,0.0,70.3,Clear,0,,0,,0
2025-12-29,STORE01,0.2,0.0,56.7,Sunny,0,,0,,0
2025-12-30,STORE01,-1.9,6.0,59.2,Rainy,0,,0,,0
2025-12-31,STORE01,4.2,4.2,75.8,Rainy,0,New Year's Eve Concert,1,concert,2
2026-01-01,STORE01,-1.4,0.0,47.2,Clear,0,,0,,0
2026-01-02,STORE01,1.9,0.0,62.0,Cloudy,0,,0,,0
2026-01-03,STORE01,-4.6,0.0,58.3,Clear,0,,0,,0
2026-01-04,STORE01,1.2,7.7,40.5,Rainy,0,,0,,0
2026-01-05,STORE01,-7.3,0.0,50.6,Clear,0,,0,,0
2026-01-06,STORE01,-1.3,0.0,64.6,Clear,0,,0,,0
2026-01-07,STORE01,-7.6,0.0,55.3,Clear,0,,0,,0
2026-01-08,STORE01,-0.4,0.0,61.8,Clear,0,,0,,0
2026-01-09,STORE01,-6.6,0.0,53.8,Clear,0,,0,,0
2026-01-10,STORE01,5.7,6.2,69.7,Rainy,0,New Year Sale,1,sale_event,2
2026-01-11,STORE01,-6.4,6.0,30.3,Rainy,0,,0,,0
2026-01-12,STORE01,2.2,6.0,65.8,Rainy,0,,0,,0
2026-01-13,STORE01,-2.1,0.0,51.5,Clear,0,,0,,0
2026-01-14,STORE01,1.7,0.0,36.5,Cloudy,1,Uttarayan (Makar Sankranti),1,festival,3
2026-01-15,STORE01,0.6,5.7,34.1,Rainy,1,Uttarayan Day 2,1,festival,3
2026-01-16,STORE01,-5.5,0.0,38.2,Clear,0,,0,,0
2026-01-17,STORE01,-4.3,0.0,64.0,Clear,0,,0,,0
2026-01-18,STORE01,-8.3,0.0,59.5,Clear,0,,0,,0
2026-01-19,STORE01,3.9,5.9,58.6,Rainy,0,,0,,0
2026-01-20,STORE01,2.5,0.0,66.3,Sunny,0,,0,,0
2026-01-21,STORE01,3.6,0.0,69.1,Sunny,0,,0,,0
2026-01-22,STORE01,1.9,0.0,54.9,Clear,0,,0,,0
2026-01-23,STORE01,1.3,0.0,54.7,Cloudy,0,,0,,0
2026-01-24,STORE01,2.0,7.4,66.2,Rainy,0,,0,,0
2026-01-25,STORE01,-6.4,0.0,60.9,Clear,0,,0,,0
2026-01-26,STORE01,2.9,7.5,60.8,Rainy,1,Republic Day,1,holiday,3
2026-01-27,STORE01,-3.9,7.3,59.2,Rainy,0,,0,,0
2026-01-28,STORE01,0.5,0.0,52.6,Sunny,0,,0,,0
2026-01-29,STORE01,-0.7,0.0,81.1,Clear,0,,0,,0
2026-01-30,STORE01,0.6,0.0,49.1,Clear,0,,0,,0
2026-01-31,STORE01,-5.0,0.0,65.7,Clear,0,,0,,0
2026-02-01,STORE01,3.1,13.8,51.0,Rainy,0,,0,,0
2026-02-02,STORE01,1.9,0.0,46.4,Clear,0,,0,,0
2026-02-03,STORE01,3.6,0.0,40.4,Cloudy,0,,0,,0
2026-02-04,STORE01,0.1,13.3,42.6,Rainy,0,,0,,0
2026-02-05,STORE01,-3.3,0.0,30.3,Clear,0,,0,,0
2026-02-06,STORE01,-3.9,11.6,31.8,Rainy,0,,0,,0
2026-02-07,STORE01,-2.9,12.7,56.6,Rainy,0,,0,,0
2026-02-08,STORE01,5.4,0.0,25.8,Clear,0,,0,,0
2026-02-09,STORE01,3.8,0.0,37.5,Clear,0,,0,,0
2026-02-10,STORE01,1.3,0.0,42.9,Windy,0,,0,,0
2026-02-11,STORE01,2.6,0.0,39.2,Windy,0,,0,,0
2026-02-12,STORE01,4.2,0.0,20.0,Sunny,0,,0,,0
2026-02-13,STORE01,1.0,12.0,51.4,Rainy,0,,0,,0
2026-02-14,STORE01,1.9,0.0,43.6,Clear,0,Valentine's Concert,1,concert,1
2026-02-15,STORE01,-4.1,11.7,56.3,Rainy,0,,0,,0
2026-02-16,STORE01,0.7,0.0,33.9,Sunny,0,,0,,0
2026-02-17,STORE01,-3.7,0.0,44.3,Clear,0,,0,,0
2026-02-18,STORE01,10.6,0.0,48.7,Sunny,0,,0,,0
2026-02-19,STORE01,-1.3,0.0,43.7,Clear,0,,0,,0
2026-02-20,STORE01,3.7,0.0,34.3,Sunny,0,,0,,0
2026-02-21,STORE01,-4.6,0.0,43.1,Clear,0,,0,,0
2026-02-22,STORE01,0.0,11.8,48.0,Rainy,0,,0,,0
2026-02-23,STORE01,2.1,0.0,49.9,Clear,0,,0,,0
2026-02-24,STORE01,4.5,0.0,49.8,Sunny,0,,0,,0
2026-02-25,STORE01,-3.3,13.5,42.0,Rainy,0,,0,,0
2026-02-26,STORE01,0.7,0.0,43.3,Sunny,0,,0,,0
2026-02-27,STORE01,-1.8,18.2,29.0,Stormy,0,,0,,0
2026-02-28,STORE01,-7.1,0.0,36.9,Clear,0,,0,,0
2026-03-01,STORE01,7.8,0.0,33.8,Clear,0,,0,,0
2026-03-02,STORE01,1.8,0.0,60.3,Cloudy,0,,0,,0
2026-03-03,STORE01,4.7,16.1,30.2,Stormy,0,,0,,0
2026-03-04,STORE01,3.0,0.0,43.9,Cloudy,0,,0,,0
2026-03-05,STORE01,5.1,0.0,55.3,Clear,0,,0,,0
2026-03-06,STORE01,11.7,0.0,33.9,Sunny,0,,0,,0
2026-03-07,STORE01,10.5,0.0,33.9,Windy,0,,0,,0
2026-03-08,STORE01,3.6,16.9,48.3,Stormy,0,Ahmedabad Food Festival,1,sale_event,1
2026-03-09,STORE01,0.7,16.0,30.3,Stormy,0,,0,,0
2026-03-10,STORE01,-1.8,0.0,53.9,Clear,0,,0,,0
2026-03-11,STORE01,4.5,18.4,38.0,Stormy,0,,0,,0
2026-03-12,STORE01,8.6,0.0,42.2,Cloudy,0,,0,,0
2026-03-13,STORE01,5.5,0.0,41.8,Cloudy,0,,0,,0
2026-03-14,STORE01,3.4,0.0,39.9,Windy,1,Holi,1,festival,3
2026-03-15,STORE01,5.7,0.0,28.8,Clear,1,Holi (Dhuleti),1,festival,2
2026-03-16,STORE01,5.8,0.0,43.8,Sunny,0,,0,,0
2026-03-17,STORE01,-3.8,0.0,22.6,Clear,0,,0,,0
2026-03-18,STORE01,2.4,0.0,29.3,Cloudy,0,,0,,0
2026-03-19,STORE01,-3.7,0.0,29.3,Clear,0,,0,,0
2026-03-20,STORE01,4.8,0.0,37.4,Sunny,0,,0,,0
2026-03-21,STORE01,2.5,0.0,39.6,Sunny,0,,0,,0
2026-03-22,STORE01,-1.0,15.8,36.5,Stormy,0,,0,,0
2026-03-23,STORE01,4.1,0.0,44.2,Clear,0,,0,,0
2026-03-24,STORE01,-3.6,17.8,42.5,Stormy,0,,0,,0
2026-03-25,STORE01,2.1,18.7,20.0,Stormy,0,,0,,0
2026-03-26,STORE01,10.6,17.1,32.6,Stormy,0,,0,,0
2026-03-27,STORE01,7.6,24.0,39.8,Stormy,0,,0,,0
2026-03-28,STORE01,-2.3,16.1,32.1,Stormy,0,,0,,0
2026-03-29,STORE01,11.0,0.0,30.7,Clear,0,,0,,0
2026-03-30,STORE01,10.0,0.0,35.4,Windy,0,,0,,0
2026-03-31,STORE01,3.5,0.0,58.7,Sunny,0,,0,,0
2026-04-01,STORE01,13.4,0.0,55.0,Cloudy,0,,0,,0
2024-04-01,STORE02,15.9,0.0,28.8,Sunny,0,,0,,0
2024-04-02,STORE02,20.5,0.0,30.3,Sunny,0,,0,,0
2024-04-03,STORE02,15.2,0.0,27.1,Sunny,0,,0,,0
2024-04-04,STORE02,17.0,0.0,47.7,Cloudy,0,,0,,0
2024-04-05,STORE02,13.2,0.0,22.4,Clear,0,IPL Match — Home Game,1,cricket_match,2
2024-04-06,STORE02,14.8,0.0,39.6,Sunny,0,,0,,0
2024-04-07,STORE02,14.8,17.5,36.2,Stormy,0,,0,,0
2024-04-08,STORE02,14.8,0.0,49.6,Windy,0,,0,,0
2024-04-09,STORE02,18.7,0.0,36.2,Windy,0,,0,,0
2024-04-10,STORE02,15.2,0.0,20.0,Clear,0,,0,,0
2024-04-11,STORE02,18.0,0.0,43.7,Clear,0,,0,,0
2024-04-12,STORE02,13.8,0.0,27.0,Windy,0,IPL Match — Rivalry,1,cricket_match,3
2024-04-13,STORE02,17.6,17.9,40.2,Stormy,0,,0,,0
2024-04-14,STORE02,23.8,17.9,41.8,Stormy,0,,0,,0
2024-04-15,STORE02,21.2,0.0,31.2,Cloudy,0,,0,,0
2024-04-16,STORE02,16.5,0.0,56.5,Sunny,0,,0,,0
2024-04-17,STORE02,17.4,0.0,31.3,Cloudy,0,,0,,0
2024-04-18,STORE02,13.9,0.0,20.0,Cloudy,0,,0,,0
2024-04-19,STORE02,17.7,0.0,30.8,Cloudy,0,IPL Match,1,cricket_match,2
2024-04-20,STORE02,19.0,0.0,36.9,Sunny,0,,0,,0
2024-04-21,STORE02,8.9,0.0,44.2,Windy,0,,0,,0
2024-04-22,STORE02,21.0,0.0,33.1,Sunny,0,,0,,0
2024-04-23,STORE02,10.9,0.0,41.7,Cloudy,0,,0,,0
2024-04-24,STORE02,15.9,0.0,26.4,Cloudy,0,,0,,0
2024-04-25,STORE02,19.6,0.0,52.9,Clear,0,,0,,0
2024-04-26,STORE02,13.4,17.6,47.3,Stormy,0,IPL Match — Home Game,1,cricket_match,2
2024-04-27,STORE02,15.5,0.0,40.9,Cloudy,0,,0,,0
2024-04-28,STORE02,17.7,0.0,35.1,Sunny,0,,0,,0
2024-04-29,STORE02,14.9,0.0,23.0,Sunny,0,,0,,0
2024-04-30,STORE02,5.1,0.0,46.3,Clear,0,,0,,0
2024-05-01,STORE02,24.4,16.8,38.1,Stormy,0,,0,,0
2024-05-02,STORE02,19.5,0.0,33.3,Sunny,0,,0,,0
2024-05-03,STORE02,30.5,0.0,38.4,Windy,0,IPL Match,1,cricket_match,2
2024-05-04,STORE02,30.3,0.0,36.4,Sunny,0,,0,,0
2024-05-05,STORE02,23.8,0.0,21.8,Sunny,0,,0,,0
2024-05-06,STORE02,22.0,0.0,35.2,Clear,0,,0,,0
2024-05-07,STORE02,24.0,16.0,42.3,Stormy,0,,0,,0
2024-05-08,STORE02,22.8,16.2,21.3,Stormy,0,,0,,0
2024-05-09,STORE02,21.7,15.9,33.6,Stormy,0,,0,,0
2024-05-10,STORE02,22.4,17.5,36.0,Stormy,0,IPL Match — Playoff,1,cricket_match,3
2024-05-11,STORE02,22.1,15.9,34.3,Stormy,0,,0,,0
2024-05-12,STORE02,22.3,0.0,29.6,Clear,0,,0,,0
2024-05-13,STORE02,28.0,0.0,47.0,Cloudy,0,,0,,0
2024-05-14,STORE02,24.2,16.9,42.6,Stormy,0,,0,,0
2024-05-15,STORE02,16.3,17.6,24.2,Stormy,0,,0,,0
2024-05-16,STORE02,18.2,0.0,20.4,Sunny,0,,0,,0
2024-05-17,STORE02,17.1,0.0,29.8,Sunny,0,IPL Match,1,cricket_match,2
2024-05-18,STORE02,25.6,0.0,36.1,Sunny,0,,0,,0
2024-05-19,STORE02,24.4,17.6,44.0,Stormy,0,,0,,0
2024-05-20,STORE02,18.0,17.1,20.0,Stormy,0,,0,,0
2024-05-21,STORE02,23.5,0.0,39.3,Cloudy,0,,0,,0
2024-05-22,STORE02,27.4,0.0,33.0,Cloudy,0,,0,,0
2024-05-23,STORE02,28.8,0.0,21.8,Cloudy,0,,0,,0
2024-05-24,STORE02,22.9,17.1,31.9,Stormy,0,IPL Final (if qualified),1,cricket_match,3
2024-05-25,STORE02,27.2,16.6,35.0,Stormy,0,,0,,0
2024-05-26,STORE02,16.8,0.0,48.6,Sunny,0,,0,,0
2024-05-27,STORE02,16.6,20.6,27.0,Stormy,0,,0,,0
2024-05-28,STORE02,21.7,0.0,34.3,Sunny,0,,0,,0
2024-05-29,STORE02,22.1,0.0,39.6,Cloudy,0,,0,,0
2024-05-30,STORE02,20.0,0.0,30.8,Sunny,0,,0,,0
2024-05-31,STORE02,18.9,18.0,38.0,Stormy,0,,0,,0
2024-06-01,STORE02,34.7,0.0,65.0,Clear,0,,0,,0
2024-06-02,STORE02,25.9,14.9,44.8,Rainy,0,,0,,0
2024-06-03,STORE02,28.1,12.3,44.0,Rainy,0,,0,,0
2024-06-04,STORE02,22.2,0.0,48.2,Windy,0,,0,,0
2024-06-05,STORE02,32.5,12.7,38.9,Rainy,0,,0,,0
2024-06-06,STORE02,28.8,0.0,48.5,Sunny,0,,0,,0
2024-06-07,STORE02,29.9,0.0,47.1,Sunny,0,,0,,0
2024-06-08,STORE02,21.4,14.8,57.1,Rainy,0,,0,,0
2024-06-09,STORE02,28.0,0.0,44.2,Sunny,0,,0,,0
2024-06-10,STORE02,30.6,0.0,36.3,Cloudy,0,,0,,0
2024-06-11,STORE02,23.1,0.0,45.2,Clear,0,,0,,0
2024-06-12,STORE02,18.8,13.0,44.0,Rainy,0,,0,,0
2024-06-13,STORE02,25.7,0.0,42.3,Cloudy,0,,0,,0
2024-06-14,STORE02,30.5,0.0,66.3,Clear,0,,0,,0
2024-06-15,STORE02,26.1,0.0,55.9,Cloudy,0,Summer Sale,1,sale_event,2
2024-06-16,STORE02,23.1,0.0,30.3,Cloudy,0,,0,,0
2024-06-17,STORE02,29.1,12.4,48.2,Rainy,0,,0,,0
2024-06-18,STORE02,23.7,12.2,44.8,Rainy,0,,0,,0
2024-06-19,STORE02,23.8,0.0,28.7,Cloudy,0,,0,,0
2024-06-20,STORE02,29.5,0.0,48.6,Clear,0,,0,,0
2024-06-21,STORE02,23.3,0.0,41.9,Sunny,0,,0,,0
2024-06-22,STORE02,25.8,0.0,49.4,Cloudy,0,,0,,0
2024-06-23,STORE02,23.0,0.0,36.8,Windy,0,,0,,0
2024-06-24,STORE02,18.6,0.0,59.9,Windy,0,,0,,0
2024-06-25,STORE02,26.8,0.0,60.3,Sunny,0,,0,,0
2024-06-26,STORE02,25.1,0.0,48.6,Sunny,0,,0,,0
2024-06-27,STORE02,30.0,12.3,46.3,Rainy,0,,0,,0
2024-06-28,STORE02,22.6,16.7,43.7,Stormy,0,,0,,0
2024-06-29,STORE02,28.5,0.0,34.0,Clear,0,,0,,0
2024-06-30,STORE02,31.6,0.0,42.7,Sunny,0,,0,,0
2024-07-01,STORE02,31.3,0.0,48.3,Sunny,0,Monsoon Clearance,1,sale_event,1
2024-07-02,STORE02,30.6,0.0,57.5,Clear,0,,0,,0
2024-07-03,STORE02,26.2,0.0,67.7,Sunny,0,,0,,0
2024-07-04,STORE02,29.6,6.8,57.0,Rainy,0,,0,,0
2024-07-05,STORE02,33.8,5.9,63.6,Rainy,0,,0,,0
2024-07-06,STORE02,27.4,11.2,61.5,Rainy,0,,0,,0
2024-07-07,STORE02,30.9,0.0,69.0,Sunny,0,,0,,0
2024-07-08,STORE02,26.6,0.0,40.9,Sunny,0,,0,,0
2024-07-09,STORE02,32.6,0.0,64.8,Clear,0,,0,,0
2024-07-10,STORE02,32.1,0.0,57.0,Cloudy,0,,0,,0
2024-07-11,STORE02,24.1,0.0,59.6,Sunny,0,,0,,0
2024-07-12,STORE02,30.1,7.8,51.2,Rainy,0,,0,,0
2024-07-13,STORE02,34.2,7.3,58.6,Rainy,0,,0,,0
2024-07-14,STORE02,33.2,0.0,67.3,Windy,0,,0,,0
2024-07-15,STORE02,28.2,7.9,63.8,Rainy,0,,0,,0
2024-07-16,STORE02,31.5,0.0,63.0,Sunny,0,,0,,0
2024-07-17,STORE02,26.4,7.9,55.1,Rainy,0,,0,,0
2024-07-18,STORE02,22.8,0.0,53.0,Cloudy,0,,0,,0
2024-07-19,STORE02,25.1,8.7,60.4,Rainy,0,,0,,0
2024-07-20,STORE02,29.2,7.8,73.3,Rainy,0,,0,,0
2024-07-21,STORE02,31.0,6.0,51.3,Rainy,0,,0,,0
2024-07-22,STORE02,31.3,0.0,63.3,Clear,0,,0,,0
2024-07-23,STORE02,32.7,0.0,45.7,Sunny,0,,0,,0
2024-07-24,STORE02,28.9,0.0,57.2,Clear,0,,0,,0
2024-07-25,STORE02,36.5,0.0,61.2,Clear,0,,0,,0
2024-07-26,STORE02,36.6,0.0,53.8,Sunny,0,,0,,0
2024-07-27,STORE02,28.8,0.0,69.9,Clear,0,,0,,0
2024-07-28,STORE02,32.7,0.0,50.5,Sunny,0,,0,,0
2024-07-29,STORE02,32.4,0.0,54.7,Sunny,0,,0,,0
2024-07-30,STORE02,34.6,6.3,45.2,Rainy,0,,0,,0
2024-07-31,STORE02,30.8,0.0,58.6,Sunny,0,,0,,0
2024-08-01,STORE02,26.2,0.0,82.5,Foggy,0,,0,,0
2024-08-02,STORE02,25.9,2.4,68.3,Rainy,0,,0,,0
2024-08-03,STORE02,32.1,0.0,72.9,Clear,0,,0,,0
2024-08-04,STORE02,31.6,2.7,85.7,Rainy,0,,0,,0
2024-08-05,STORE02,26.4,0.0,54.4,Sunny,0,,0,,0
2024-08-06,STORE02,33.2,0.0,57.0,Clear,0,,0,,0
2024-08-07,STORE02,22.1,8.6,63.7,Rainy,0,,0,,0
2024-08-08,STORE02,32.2,0.0,54.1,Cloudy,0,,0,,0
2024-08-09,STORE02,32.4,0.8,79.6,Rainy,0,,0,,0
2024-08-10,STORE02,27.7,0.0,85.5,Foggy,0,Freedom Sale,1,sale_event,2
2024-08-11,STORE02,32.8,0.0,79.4,Sunny,0,,0,,0
2024-08-12,STORE02,26.3,0.7,69.8,Rainy,0,,0,,0
2024-08-13,STORE02,28.8,0.0,71.6,Sunny,0,,0,,0
2024-08-14,STORE02,25.7,0.0,67.7,Cloudy,0,,0,,0
2024-08-15,STORE02,25.3,0.4,92.3,Rainy,1,Independence Day,1,holiday,3
2024-08-16,STORE02,28.4,0.0,57.6,Windy,0,,0,,0
2024-08-17,STORE02,21.5,0.0,48.6,Cloudy,0,,0,,0
2024-08-18,STORE02,18.7,0.0,70.7,Cloudy,0,,0,,0
2024-08-19,STORE02,30.4,0.0,51.4,Cloudy,0,,0,,0
2024-08-20,STORE02,24.4,0.7,53.9,Rainy,0,,0,,0
2024-08-21,STORE02,26.2,0.4,71.0,Rainy,0,,0,,0
2024-08-22,STORE02,29.9,0.0,73.4,Cloudy,0,,0,,0
2024-08-23,STORE02,35.0,0.0,56.5,Sunny,0,,0,,0
2024-08-24,STORE02,26.9,0.4,62.9,Rainy,0,,0,,0
2024-08-25,STORE02,29.0,0.0,58.1,Clear,0,,0,,0
2024-08-26,STORE02,32.3,0.0,68.7,Sunny,1,Janmashtami,1,festival,2
2024-08-27,STORE02,25.6,0.0,79.1,Clear,0,,0,,0
2024-08-28,STORE02,29.9,0.0,46.8,Sunny,0,,0,,0
2024-08-29,STORE02,35.4,0.5,77.1,Rainy,0,,0,,0
2024-08-30,STORE02,29.3,0.6,56.0,Rainy,0,,0,,0
2024-08-31,STORE02,37.1,0.0,63.8,Sunny,0,,0,,0
2024-09-01,STORE02,19.2,0.0,82.1,Foggy,0,,0,,0
2024-09-02,STORE02,24.0,0.0,72.3,Clear,0,,0,,0
2024-09-03,STORE02,26.7,0.0,86.7,Foggy,0,,0,,0
2024-09-04,STORE02,18.5,0.1,79.7,Rainy,0,,0,,0
2024-09-05,STORE02,16.6,0.0,61.9,Windy,0,,0,,0
2024-09-06,STORE02,24.8,0.0,74.5,Sunny,0,,0,,0
2024-09-07,STORE02,26.8,1.3,55.9,Rainy,1,Ganesh Chaturthi,1,festival,2
2024-09-08,STORE02,28.3,0.0,54.1,Cloudy,0,,0,,0
2024-09-09,STORE02,29.3,0.0,66.9,Sunny,0,,0,,0
2024-09-10,STORE02,22.5,0.0,75.4,Sunny,0,,0,,0
2024-09-11,STORE02,21.4,2.1,67.2,Rainy,0,,0,,0
2024-09-12,STORE02,26.1,0.0,80.7,Foggy,0,,0,,0
2024-09-13,STORE02,27.5,0.0,74.8,Windy,0,,0,,0
2024-09-14,STORE02,15.6,0.8,71.7,Rainy,0,,0,,0
2024-09-15,STORE02,20.3,2.0,81.8,Rainy,0,,0,,0
2024-09-16,STORE02,21.5,0.0,64.4,Cloudy,0,,0,,0
2024-09-17,STORE02,25.1,0.0,69.1,Sunny,0,,0,,0
2024-09-18,STORE02,25.0,2.6,83.9,Rainy,0,,0,,0
2024-09-19,STORE02,24.4,1.3,72.0,Rainy,0,,0,,0
2024-09-20,STORE02,24.2,0.0,67.0,Sunny,0,,0,,0
2024-09-21,STORE02,27.1,0.0,64.8,Sunny,0,,0,,0
2024-09-22,STORE02,20.8,0.6,56.1,Rainy,0,,0,,0
2024-09-23,STORE02,23.2,0.0,68.9,Cloudy,0,,0,,0
2024-09-24,STORE02,23.4,0.0,75.5,Cloudy,0,,0,,0
2024-09-25,STORE02,23.1,0.0,90.0,Foggy,0,,0,,0
2024-09-26,STORE02,27.4,0.7,83.4,Rainy,0,,0,,0
2024-09-27,STORE02,28.5,0.0,84.4,Foggy,0,,0,,0
2024-09-28,STORE02,18.6,0.0,69.2,Cloudy,0,,0,,0
2024-09-29,STORE02,23.5,0.0,72.0,Sunny,0,,0,,0
2024-09-30,STORE02,27.7,1.1,68.2,Rainy,0,,0,,0
2024-10-01,STORE02,10.7,1.4,74.9,Rainy,0,Festive Season Sale,1,sale_event,3
2024-10-02,STORE02,18.0,0.0,78.4,Sunny,0,,0,,0
2024-10-03,STORE02,11.3,0.0,78.0,Windy,1,Navratri Day 1,1,festival,3
2024-10-04,STORE02,17.9,0.0,71.6,Sunny,1,Navratri Day 2,1,festival,3
2024-10-05,STORE02,12.0,1.1,74.6,Rainy,1,Navratri Day 3,1,festival,3
2024-10-06,STORE02,15.1,0.0,100.0,Foggy,1,Navratri Day 4,1,festival,3
2024-10-07,STORE02,12.7,0.0,73.0,Cloudy,1,Navratri Day 5,1,festival,3
2024-10-08,STORE02,16.1,0.4,73.9,Rainy,1,Navratri Day 6,1,festival,3
2024-10-09,STORE02,6.6,0.0,73.1,Cloudy,1,Navratri Day 7,1,festival,3
2024-10-10,STORE02,16.1,0.0,61.6,Clear,1,Navratri Day 8,1,festival,3
2024-10-11,STORE02,25.0,0.0,76.5,Cloudy,1,Navratri Day 9 (Maha Navami),1,festival,3
2024-10-12,STORE02,20.5,0.0,68.1,Cloudy,1,Dussehra,1,festival,3
2024-10-13,STORE02,23.4,0.0,88.4,Foggy,0,,0,,0
2024-10-14,STORE02,19.6,0.0,75.9,Cloudy,0,,0,,0
2024-10-15,STORE02,18.2,0.0,81.5,Foggy,0,,0,,0
2024-10-16,STORE02,13.2,0.0,61.8,Cloudy,0,,0,,0
2024-10-17,STORE02,20.0,0.0,71.8,Windy,0,,0,,0
2024-10-18,STORE02,14.2,2.1,64.8,Rainy,0,,0,,0
2024-10-19,STORE02,22.0,2.6,53.9,Rainy,0,,0,,0
2024-10-20,STORE02,19.4,0.0,73.8,Clear,0,,0,,0
2024-10-21,STORE02,18.9,0.0,59.3,Sunny,0,,0,,0
2024-10-22,STORE02,11.9,0.0,89.8,Foggy,0,,0,,0
2024-10-23,STORE02,13.1,4.8,71.3,Rainy,0,,0,,0
2024-10-24,STORE02,16.3,1.4,81.5,Rainy,0,,0,,0
2024-10-25,STORE02,9.4,0.0,72.6,Cloudy,0,,0,,0
2024-10-26,STORE02,18.8,0.0,73.6,Windy,0,,0,,0
2024-10-27,STORE02,15.5,1.2,61.2,Rainy,0,,0,,0
2024-10-28,STORE02,11.9,0.0,70.1,Sunny,0,,0,,0
2024-10-29,STORE02,7.9,0.0,74.2,Windy,0,,0,,0
2024-10-30,STORE02,23.3,0.0,58.8,Sunny,0,,0,,0
2024-10-31,STORE02,10.3,0.0,68.1,Clear,0,,0,,0
2024-11-01,STORE02,14.2,0.0,50.4,Windy,1,Diwali,1,festival,3
2024-11-02,STORE02,12.7,0.0,76.0,Cloudy,1,Diwali (Govardhan Puja),1,festival,3
2024-11-03,STORE02,6.6,0.0,61.1,Cloudy,1,Bhai Dooj,1,festival,2
2024-11-04,STORE02,4.9,0.0,94.7,Foggy,0,,0,,0
2024-11-05,STORE02,1.4,0.0,62.9,Sunny,0,,0,,0
2024-11-06,STORE02,3.8,0.0,73.0,Clear,0,,0,,0
2024-11-07,STORE02,4.3,0.8,71.7,Rainy,0,,0,,0
2024-11-08,STORE02,11.1,0.0,58.4,Windy,0,,0,,0
2024-11-09,STORE02,5.7,0.0,74.2,Clear,0,,0,,0
2024-11-10,STORE02,7.3,0.0,64.0,Sunny,0,,0,,0
2024-11-11,STORE02,8.3,0.0,77.1,Sunny,0,,0,,0
2024-11-12,STORE02,14.1,0.0,92.9,Foggy,0,,0,,0
2024-11-13,STORE02,3.8,0.0,91.6,Foggy,0,,0,,0
2024-11-14,STORE02,21.9,0.0,87.8,Foggy,0,,0,,0
2024-11-15,STORE02,6.7,4.2,55.2,Rainy,0,Sabarmati Festival,1,concert,2
2024-11-16,STORE02,3.4,0.0,67.5,Cloudy,0,,0,,0
2024-11-17,STORE02,8.0,0.0,71.1,Sunny,0,,0,,0
2024-11-18,STORE02,7.1,1.2,99.2,Rainy,0,,0,,0
2024-11-19,STORE02,15.3,1.8,65.8,Rainy,0,,0,,0
2024-11-20,STORE02,7.4,0.3,86.4,Rainy,0,,0,,0
2024-11-21,STORE02,11.9,0.0,78.8,Cloudy,0,,0,,0
2024-11-22,STORE02,4.3,0.0,77.1,Cloudy,0,,0,,0
2024-11-23,STORE02,-2.5,1.3,68.2,Snowy,0,,0,,0
2024-11-24,STORE02,7.7,0.0,69.7,Clear,0,,0,,0
2024-11-25,STORE02,5.0,0.6,67.3,Rainy,0,,0,,0
2024-11-26,STORE02,11.8,0.0,63.2,Cloudy,0,,0,,0
2024-11-27,STORE02,14.4,0.0,76.8,Sunny,0,,0,,0
2024-11-28,STORE02,8.5,0.0,80.1,Foggy,0,,0,,0
2024-11-29,STORE02,12.8,0.0,70.3,Sunny,0,,0,,0
2024-11-30,STORE02,7.9,4.2,95.8,Rainy,0,,0,,0
2024-12-01,STORE02,0.9,2.6,56.0,Rainy,0,,0,,0
2024-12-02,STORE02,-0.1,0.8,57.0,Snowy,0,,0,,0
2024-12-03,STORE02,3.2,0.0,62.3,Sunny,0,,0,,0
2024-12-04,STORE02,0.6,0.0,67.0,Clear,0,,0,,0
2024-12-05,STORE02,0.2,1.4,63.0,Rainy,0,,0,,0
2024-12-06,STORE02,2.1,2.4,63.8,Rainy,0,,0,,0
2024-12-07,STORE02,10.5,0.1,55.0,Rainy,0,,0,,0
2024-12-08,STORE02,-1.7,0.0,53.4,Clear,0,,0,,0
2024-12-09,STORE02,0.2,0.0,72.5,Clear,0,,0,,0
2024-12-10,STORE02,-3.1,0.4,42.4,Snowy,0,,0,,0
2024-12-11,STORE02,6.5,0.0,55.0,Windy,0,,0,,0
2024-12-12,STORE02,4.8,0.0,55.9,Windy,0,,0,,0
2024-12-13,STORE02,-1.7,0.0,78.2,Clear,0,,0,,0
2024-12-14,STORE02,0.4,1.0,74.3,Rainy,0,,0,,0
2024-12-15,STORE02,7.3,0.0,69.1,Sunny,0,,0,,0
2024-12-16,STORE02,4.3,0.0,46.7,Sunny,0,,0,,0
2024-12-17,STORE02,7.4,0.0,56.9,Clear,0,,0,,0
2024-12-18,STORE02,-2.9,0.0,70.8,Clear,0,,0,,0
2024-12-19,STORE02,2.8,0.0,72.2,Sunny,0,,0,,0
2024-12-20,STORE02,-2.3,0.2,52.9,Snowy,0,Year-End Sale,1,sale_event,2
2024-12-21,STORE02,-8.1,0.0,74.2,Clear,0,,0,,0
2024-12-22,STORE02,1.4,1.0,74.9,Rainy,0,,0,,0
2024-12-23,STORE02,1.2,3.9,57.3,Rainy,0,,0,,0
2024-12-24,STORE02,1.9,1.4,58.5,Rainy,0,,0,,0
2024-12-25,STORE02,-2.0,0.8,57.7,Snowy,0,Christmas Sale,1,sale_event,1
2024-12-26,STORE02,4.5,0.0,46.7,Sunny,0,,0,,0
2024-12-27,STORE02,-1.9,0.0,93.7,Clear,0,,0,,0
2024-12-28,STORE02,1.2,0.7,69.4,Rainy,0,,0,,0
2024-12-29,STORE02,8.9,0.0,67.8,Sunny,0,,0,,0
2024-12-30,STORE02,-1.0,0.0,56.5,Clear,0,,0,,0
2024-12-31,STORE02,-0.4,0.0,53.4,Clear,0,New Year's Eve Concert,1,concert,2
2025-01-01,STORE02,5.6,0.0,47.0,Clear,0,,0,,0
2025-01-02,STORE02,3.8,0.0,41.4,Sunny,0,,0,,0
2025-01-03,STORE02,1.3,0.0,59.7,Clear,0,,0,,0
2025-01-04,STORE02,-2.6,0.0,56.5,Clear,0,,0,,0
2025-01-05,STORE02,5.8,6.0,56.5,Rainy,0,,0,,0
2025-01-06,STORE02,0.7,10.0,45.3,Rainy,0,,0,,0
2025-01-07,STORE02,-5.0,8.6,58.8,Rainy,0,,0,,0
2025-01-08,STORE02,-2.1,0.0,42.4,Clear,0,,0,,0
2025-01-09,STORE02,3.7,0.0,44.4,Windy,0,,0,,0
2025-01-10,STORE02,-0.3,6.7,59.8,Rainy,0,New Year Sale,1,sale_event,2
2025-01-11,STORE02,-1.4,0.0,61.0,Clear,0,,0,,0
2025-01-12,STORE02,6.5,12.2,57.1,Rainy,0,,0,,0
2025-01-13,STORE02,2.8,9.2,51.1,Rainy,0,,0,,0
2025-01-14,STORE02,-0.4,6.9,57.4,Rainy,1,Uttarayan (Makar Sankranti),1,festival,3
2025-01-15,STORE02,-1.2,0.0,56.2,Clear,1,Uttarayan Day 2,1,festival,3
2025-01-16,STORE02,-2.1,10.3,61.3,Rainy,0,,0,,0
2025-01-17,STORE02,2.3,0.0,58.9,Clear,0,,0,,0
2025-01-18,STORE02,-1.0,0.0,66.7,Clear,0,,0,,0
2025-01-19,STORE02,2.4,0.0,58.2,Sunny,0,,0,,0
2025-01-20,STORE02,-2.1,0.0,55.8,Clear,0,,0,,0
2025-01-21,STORE02,5.4,0.0,61.3,Clear,0,,0,,0
2025-01-22,STORE02,0.0,0.0,48.5,Sunny,0,,0,,0
2025-01-23,STORE02,-5.6,8.7,55.2,Rainy,0,,0,,0
2025-01-24,STORE02,9.3,0.0,44.3,Windy,0,,0,,0
2025-01-25,STORE02,2.1,0.0,54.6,Cloudy,0,,0,,0
2025-01-26,STORE02,1.9,0.0,74.4,Sunny,1,Republic Day,1,holiday,3
2025-01-27,STORE02,-2.0,6.0,54.9,Rainy,0,,0,,0
2025-01-28,STORE02,2.3,0.0,54.4,Cloudy,0,,0,,0
2025-01-29,STORE02,5.0,8.0,47.4,Rainy,0,,0,,0
2025-01-30,STORE02,-0.2,0.0,58.3,Clear,0,,0,,0
2025-01-31,STORE02,5.5,8.9,62.6,Rainy,0,,0,,0
2025-02-01,STORE02,9.3,0.0,49.6,Cloudy,0,,0,,0
2025-02-02,STORE02,1.9,13.8,44.5,Rainy,0,,0,,0
2025-02-03,STORE02,-6.4,0.0,27.4,Clear,0,,0,,0
2025-02-04,STORE02,-0.2,0.0,33.6,Clear,0,,0,,0
2025-02-05,STORE02,-0.6,0.0,50.0,Clear,0,,0,,0
2025-02-06,STORE02,2.3,12.6,46.0,Rainy,0,,0,,0
2025-02-07,STORE02,1.6,13.9,42.5,Rainy,0,,0,,0
2025-02-08,STORE02,1.8,0.0,22.4,Cloudy,0,,0,,0
2025-02-09,STORE02,-6.6,0.0,32.6,Clear,0,,0,,0
2025-02-10,STORE02,-2.1,0.0,37.7,Clear,0,,0,,0
2025-02-11,STORE02,6.7,0.0,34.7,Sunny,0,,0,,0
2025-02-12,STORE02,5.9,0.0,46.0,Sunny,0,,0,,0
2025-02-13,STORE02,8.5,0.0,66.0,Cloudy,0,,0,,0
2025-02-14,STORE02,-0.3,0.0,48.0,Clear,0,Valentine's Concert,1,concert,1
2025-02-15,STORE02,-1.7,0.0,41.4,Clear,0,,0,,0
2025-02-16,STORE02,0.4,0.0,34.9,Clear,0,,0,,0
2025-02-17,STORE02,-1.1,0.0,35.3,Clear,0,,0,,0
2025-02-18,STORE02,12.3,0.0,46.6,Sunny,0,,0,,0
2025-02-19,STORE02,2.9,11.6,52.8,Rainy,0,,0,,0
2025-02-20,STORE02,-4.9,0.0,40.8,Clear,0,,0,,0
2025-02-21,STORE02,-4.3,0.0,40.2,Clear,0,,0,,0
2025-02-22,STORE02,2.6,0.0,49.9,Sunny,0,,0,,0
2025-02-23,STORE02,-3.2,0.0,58.0,Clear,0,,0,,0
2025-02-24,STORE02,-0.5,0.0,55.1,Clear,0,,0,,0
2025-02-25,STORE02,-5.0,12.3,47.4,Rainy,0,,0,,0
2025-02-26,STORE02,5.6,0.0,36.5,Sunny,0,,0,,0
2025-02-27,STORE02,1.9,14.4,41.3,Rainy,0,,0,,0
2025-02-28,STORE02,0.7,11.8,26.7,Rainy,0,,0,,0
2025-03-01,STORE02,5.1,0.0,31.4,Sunny,0,,0,,0
2025-03-02,STORE02,1.0,0.0,41.5,Cloudy,0,,0,,0
2025-03-03,STORE02,10.9,0.0,20.0,Sunny,0,,0,,0
2025-03-04,STORE02,14.5,0.0,42.3,Sunny,0,,0,,0
2025-03-05,STORE02,8.5,16.6,46.3,Stormy,0,,0,,0
2025-03-06,STORE02,8.6,0.0,31.4,Cloudy,0,,0,,0
2025-03-07,STORE02,4.2,0.0,55.6,Sunny,0,,0,,0
2025-03-08,STORE02,5.8,0.0,20.3,Sunny,0,Ahmedabad Food Festival,1,sale_event,1
2025-03-09,STORE02,9.6,0.0,29.2,Cloudy,0,,0,,0
2025-03-10,STORE02,8.8,0.0,43.2,Sunny,0,,0,,0
2025-03-11,STORE02,7.9,0.0,38.4,Clear,0,,0,,0
2025-03-12,STORE02,18.6,0.0,47.4,Clear,0,,0,,0
2025-03-13,STORE02,12.0,0.0,49.1,Cloudy,0,,0,,0
2025-03-14,STORE02,8.3,16.1,39.8,Stormy,1,Holi,1,festival,3
2025-03-15,STORE02,9.4,17.1,34.5,Stormy,1,Holi (Dhuleti),1,festival,2
2025-03-16,STORE02,-2.5,18.1,26.4,Stormy,0,,0,,0
2025-03-17,STORE02,18.0,18.1,33.2,Stormy,0,,0,,0
2025-03-18,STORE02,9.1,0.0,50.1,Clear,0,,0,,0
2025-03-19,STORE02,9.6,0.0,27.6,Clear,0,,0,,0
2025-03-20,STORE02,9.6,0.0,53.8,Sunny,0,,0,,0
2025-03-21,STORE02,8.8,17.2,46.4,Stormy,0,,0,,0
2025-03-22,STORE02,8.4,0.0,31.5,Cloudy,0,,0,,0
2025-03-23,STORE02,11.5,20.9,35.5,Stormy,0,,0,,0
2025-03-24,STORE02,0.3,0.0,36.6,Clear,0,,0,,0
2025-03-25,STORE02,8.7,0.0,41.3,Sunny,0,,0,,0
2025-03-26,STORE02,8.9,17.8,36.4,Stormy,0,,0,,0
2025-03-27,STORE02,7.1,0.0,37.4,Windy,0,,0,,0
2025-03-28,STORE02,13.7,0.0,39.0,Cloudy,0,,0,,0
2025-03-29,STORE02,2.2,0.0,40.7,Cloudy,0,,0,,0
2025-03-30,STORE02,11.4,17.1,37.9,Stormy,0,,0,,0
2025-03-31,STORE02,4.4,0.0,39.2,Clear,0,,0,,0
2025-04-01,STORE02,9.3,0.0,32.9,Sunny,0,,0,,0
2025-04-02,STORE02,20.2,0.0,36.3,Cloudy,0,,0,,0
2025-04-03,STORE02,18.5,0.0,22.5,Clear,0,,0,,0
2025-04-04,STORE02,17.8,0.0,34.7,Cloudy,0,,0,,0
2025-04-05,STORE02,12.7,17.7,33.5,Stormy,0,IPL Match — Home Game,1,cricket_match,2
2025-04-06,STORE02,16.2,0.0,32.7,Clear,0,,0,,0
2025-04-07,STORE02,13.6,0.0,45.0,Windy,0,,0,,0
2025-04-08,STORE02,16.2,17.9,32.3,Stormy,0,,0,,0
2025-04-09,STORE02,19.9,17.8,51.4,Stormy,0,,0,,0
2025-04-10,STORE02,6.9,0.0,33.3,Cloudy,0,,0,,0
2025-04-11,STORE02,19.8,0.0,20.8,Clear,0,,0,,0
2025-04-12,STORE02,10.7,0.0,32.2,Cloudy,0,IPL Match — Rivalry,1,cricket_match,3
2025-04-13,STORE02,12.3,0.0,32.3,Cloudy,0,,0,,0
2025-04-14,STORE02,15.6,0.0,24.9,Sunny,0,,0,,0
2025-04-15,STORE02,17.4,0.0,20.0,Sunny,0,,0,,0
2025-04-16,STORE02,15.2,0.0,28.7,Cloudy,0,,0,,0
2025-04-17,STORE02,16.6,0.0,40.5,Windy,0,,0,,0
2025-04-18,STORE02,20.3,0.0,49.5,Windy,0,,0,,0
2025-04-19,STORE02,20.2,18.9,32.2,Stormy,0,IPL Match,1,cricket_match,2
2025-04-20,STORE02,13.8,19.8,25.2,Stormy,0,,0,,0
2025-04-21,STORE02,12.8,0.0,20.3,Sunny,0,,0,,0
2025-04-22,STORE02,9.9,19.4,55.4,Stormy,0,,0,,0
2025-04-23,STORE02,20.9,0.0,27.8,Clear,0,,0,,0
2025-04-24,STORE02,12.4,0.0,39.7,Windy,0,,0,,0
2025-04-25,STORE02,17.2,0.0,20.0,Cloudy,0,,0,,0
2025-04-26,STORE02,13.1,18.5,39.6,Stormy,0,IPL Match — Home Game,1,cricket_match,2
2025-04-27,STORE02,22.1,0.0,24.5,Sunny,0,,0,,0
2025-04-28,STORE02,18.6,17.9,27.4,Stormy,0,,0,,0
2025-04-29,STORE02,15.3,20.1,39.1,Stormy,0,,0,,0
2025-04-30,STORE02,13.9,18.1,29.0,Stormy,0,,0,,0
2025-05-01,STORE02,21.9,17.3,52.3,Stormy,0,,0,,0
2025-05-02,STORE02,26.7,0.0,44.7,Cloudy,0,,0,,0
2025-05-03,STORE02,23.1,0.0,56.7,Sunny,0,IPL Match,1,cricket_match,2
2025-05-04,STORE02,28.2,0.0,43.2,Sunny,0,,0,,0
2025-05-05,STORE02,22.8,0.0,37.9,Sunny,0,,0,,0
2025-05-06,STORE02,30.5,0.0,48.7,Clear,0,,0,,0
2025-05-07,STORE02,21.5,0.0,42.3,Cloudy,0,,0,,0
2025-05-08,STORE02,24.1,0.0,28.5,Clear,0,,0,,0
2025-05-09,STORE02,31.5,17.7,32.9,Stormy,0,,0,,0
2025-05-10,STORE02,31.4,19.3,40.9,Stormy,0,IPL Match — Playoff,1,cricket_match,3
2025-05-11,STORE02,29.0,18.9,52.9,Stormy,0,,0,,0
2025-05-12,STORE02,19.0,0.0,32.8,Cloudy,0,,0,,0
2025-05-13,STORE02,22.2,0.0,42.0,Sunny,0,,0,,0
2025-05-14,STORE02,18.2,17.6,27.6,Stormy,0,,0,,0
2025-05-15,STORE02,19.9,0.0,40.3,Clear,0,,0,,0
2025-05-16,STORE02,30.0,16.8,37.5,Stormy,0,,0,,0
2025-05-17,STORE02,24.4,0.0,36.1,Cloudy,0,IPL Match,1,cricket_match,2
2025-05-18,STORE02,23.7,0.0,34.9,Clear,0,,0,,0
2025-05-19,STORE02,19.2,16.0,51.4,Stormy,0,,0,,0
2025-05-20,STORE02,17.0,0.0,32.8,Clear,0,,0,,0
2025-05-21,STORE02,19.8,0.0,23.9,Windy,0,,0,,0
2025-05-22,STORE02,21.4,17.2,41.0,Stormy,0,,0,,0
2025-05-23,STORE02,30.6,0.0,41.4,Cloudy,0,,0,,0
2025-05-24,STORE02,21.3,17.6,24.7,Stormy,0,IPL Final (if qualified),1,cricket_match,3
2025-05-25,STORE02,24.0,20.0,62.1,Stormy,0,,0,,0
2025-05-26,STORE02,24.9,16.3,27.9,Stormy,0,,0,,0
2025-05-27,STORE02,19.2,0.0,25.2,Sunny,0,,0,,0
2025-05-28,STORE02,15.3,0.0,34.7,Windy,0,,0,,0
2025-05-29,STORE02,29.4,0.0,20.0,Clear,0,,0,,0
2025-05-30,STORE02,27.1,0.0,44.6,Sunny,0,,0,,0
2025-05-31,STORE02,20.3,0.0,32.1,Windy,0,,0,,0
2025-06-01,STORE02,24.5,0.0,46.1,Sunny,0,,0,,0
2025-06-02,STORE02,26.2,12.4,43.1,Rainy,0,,0,,0
2025-06-03,STORE02,27.8,13.8,58.2,Rainy,0,,0,,0
2025-06-04,STORE02,28.5,13.5,36.0,Rainy,0,,0,,0
2025-06-05,STORE02,27.0,12.4,52.2,Rainy,0,,0,,0
2025-06-06,STORE02,29.2,12.1,42.7,Rainy,0,,0,,0
2025-06-07,STORE02,31.0,12.8,32.6,Rainy,0,,0,,0
2025-06-08,STORE02,26.6,14.4,37.5,Rainy,0,,0,,0
2025-06-09,STORE02,31.5,13.6,39.0,Rainy,0,,0,,0
2025-06-10,STORE02,32.3,12.5,38.1,Rainy,0,,0,,0
2025-06-11,STORE02,25.3,0.0,62.5,Cloudy,0,,0,,0
2025-06-12,STORE02,35.1,0.0,47.4,Sunny,0,,0,,0
2025-06-13,STORE02,33.3,12.0,45.8,Rainy,0,,0,,0
2025-06-14,STORE02,24.7,13.2,30.5,Rainy,0,,0,,0
2025-06-15,STORE02,17.6,0.0,46.0,Sunny,0,Summer Sale,1,sale_event,2
2025-06-16,STORE02,33.4,12.7,36.0,Rainy,0,,0,,0
2025-06-17,STORE02,30.2,0.0,39.8,Clear,0,,0,,0
2025-06-18,STORE02,26.3,0.0,39.1,Sunny,0,,0,,0
2025-06-19,STORE02,29.2,0.0,35.4,Cloudy,0,,0,,0
2025-06-20,STORE02,24.7,0.0,34.3,Windy,0,,0,,0
2025-06-21,STORE02,23.8,0.0,26.5,Windy,0,,0,,0
2025-06-22,STORE02,23.4,11.6,35.6,Rainy,0,,0,,0
2025-06-23,STORE02,30.7,12.8,49.7,Rainy,0,,0,,0
2025-06-24,STORE02,33.7,15.0,68.7,Rainy,0,,0,,0
2025-06-25,STORE02,34.2,0.0,39.7,Sunny,0,,0,,0
2025-06-26,STORE02,33.9,0.0,47.3,Sunny,0,,0,,0
2025-06-27,STORE02,24.8,0.0,40.9,Cloudy,0,,0,,0
2025-06-28,STORE02,25.2,0.0,26.9,Cloudy,0,,0,,0
2025-06-29,STORE02,28.6,0.0,41.2,Sunny,0,,0,,0
2025-06-30,STORE02,35.1,0.0,38.4,Sunny,0,,0,,0
2025-07-01,STORE02,37.1,0.0,56.2,Cloudy,0,Monsoon Clearance,1,sale_event,1
2025-07-02,STORE02,31.2,9.8,41.2,Rainy,0,,0,,0
2025-07-03,STORE02,24.9,12.5,42.8,Rainy,0,,0,,0
2025-07-04,STORE02,31.3,7.0,52.9,Rainy,0,,0,,0
2025-07-05,STORE02,27.3,0.0,59.8,Sunny,0,,0,,0
2025-07-06,STORE02,33.5,6.5,42.6,Rainy,0,,0,,0
2025-07-07,STORE02,26.7,12.2,63.6,Rainy,0,,0,,0
2025-07-08,STORE02,28.4,7.1,62.0,Rainy,0,,0,,0
2025-07-09,STORE02,33.2,6.9,67.5,Rainy,0,,0,,0
2025-07-10,STORE02,28.3,0.0,58.0,Clear,0,,0,,0
2025-07-11,STORE02,34.1,9.8,66.3,Rainy,0,,0,,0
2025-07-12,STORE02,31.1,5.9,56.6,Rainy,0,,0,,0
2025-07-13,STORE02,24.5,6.4,42.0,Rainy,0,,0,,0
2025-07-14,STORE02,30.5,0.0,53.0,Sunny,0,,0,,0
2025-07-15,STORE02,23.3,0.0,56.9,Sunny,0,,0,,0
2025-07-16,STORE02,35.5,0.0,59.3,Clear,0,,0,,0
2025-07-17,STORE02,32.7,0.0,63.0,Windy,0,,0,,0
2025-07-18,STORE02,23.7,0.0,42.5,Sunny,0,,0,,0
2025-07-19,STORE02,29.2,0.0,64.6,Sunny,0,,0,,0
2025-07-20,STORE02,27.8,6.2,50.7,Rainy,0,,0,,0
2025-07-21,STORE02,29.7,0.0,53.8,Cloudy,0,,0,,0
2025-07-22,STORE02,30.4,0.0,56.8,Cloudy,0,,0,,0
2025-07-23,STORE02,28.2,0.0,48.3,Sunny,0,,0,,0
2025-07-24,STORE02,32.3,6.6,58.5,Rainy,0,,0,,0
2025-07-25,STORE02,31.6,0.0,41.4,Cloudy,0,,0,,0
2025-07-26,STORE02,38.8,0.0,58.6,Sunny,0,,0,,0
2025-07-27,STORE02,31.4,0.0,48.8,Cloudy,0,,0,,0
2025-07-28,STORE02,26.5,0.0,68.5,Cloudy,0,,0,,0
2025-07-29,STORE02,28.2,6.5,46.0,Rainy,0,,0,,0
2025-07-30,STORE02,33.3,0.0,63.3,Cloudy,0,,0,,0
2025-07-31,STORE02,29.5,6.2,43.2,Rainy,0,,0,,0
2025-08-01,STORE02,23.1,0.0,71.2,Sunny,0,,0,,0
2025-08-02,STORE02,32.2,0.0,62.2,Sunny,0,,0,,0
2025-08-03,STORE02,29.4,0.0,66.1,Cloudy,0,,0,,0
2025-08-04,STORE02,30.9,1.0,78.0,Rainy,0,,0,,0
2025-08-05,STORE02,26.9,0.0,74.0,Cloudy,0,,0,,0
2025-08-06,STORE02,28.0,0.0,75.5,Clear,0,,0,,0
2025-08-07,STORE02,25.1,2.3,62.6,Rainy,0,,0,,0
2025-08-08,STORE02,24.0,0.0,60.7,Cloudy,0,,0,,0
2025-08-09,STORE02,24.9,0.0,77.2,Sunny,0,,0,,0
2025-08-10,STORE02,24.5,1.9,61.2,Rainy,0,Freedom Sale,1,sale_event,2
2025-08-11,STORE02,24.3,0.0,62.0,Sunny,0,,0,,0
2025-08-12,STORE02,29.9,0.5,62.3,Rainy,0,,0,,0
2025-08-13,STORE02,27.7,3.4,52.3,Rainy,0,,0,,0
2025-08-14,STORE02,26.8,0.0,59.6,Sunny,0,,0,,0
2025-08-15,STORE02,28.7,0.0,92.0,Foggy,1,Independence Day,1,holiday,3
2025-08-16,STORE02,33.2,0.0,70.4,Sunny,0,,0,,0
2025-08-17,STORE02,32.6,0.0,54.8,Cloudy,0,,0,,0
2025-08-18,STORE02,24.5,0.0,67.0,Cloudy,0,,0,,0
2025-08-19,STORE02,31.3,0.0,71.5,Sunny,0,,0,,0
2025-08-20,STORE02,27.6,0.0,55.1,Clear,0,,0,,0
2025-08-21,STORE02,23.6,0.0,73.2,Sunny,0,,0,,0
2025-08-22,STORE02,33.9,0.0,68.3,Windy,0,,0,,0
2025-08-23,STORE02,29.5,0.0,62.9,Sunny,0,,0,,0
2025-08-24,STORE02,23.9,2.2,50.2,Rainy,0,,0,,0
2025-08-25,STORE02,32.3,0.0,70.5,Clear,0,,0,,0
2025-08-26,STORE02,27.8,1.2,63.5,Rainy,1,Janmashtami,1,festival,2
2025-08-27,STORE02,29.7,0.8,69.9,Rainy,0,,0,,0
2025-08-28,STORE02,24.0,0.0,60.7,Clear,0,,0,,0
2025-08-29,STORE02,33.9,0.0,61.2,Windy,0,,0,,0
2025-08-30,STORE02,29.4,3.0,56.3,Rainy,0,,0,,0
2025-08-31,STORE02,30.5,1.1,27.8,Rainy,0,,0,,0
2025-09-01,STORE02,23.2,2.5,74.0,Rainy,0,,0,,0
2025-09-02,STORE02,24.5,1.1,69.9,Rainy,0,,0,,0
2025-09-03,STORE02,23.6,0.0,68.8,Sunny,0,,0,,0
2025-09-04,STORE02,25.8,0.0,73.1,Windy,0,,0,,0
2025-09-05,STORE02,26.9,0.0,67.9,Clear,0,,0,,0
2025-09-06,STORE02,32.4,3.4,73.1,Rainy,0,,0,,0
2025-09-07,STORE02,23.7,10.5,70.3,Rainy,1,Ganesh Chaturthi,1,festival,2
2025-09-08,STORE02,17.9,0.0,91.6,Foggy,0,,0,,0
2025-09-09,STORE02,21.6,0.9,73.5,Rainy,0,,0,,0
2025-09-10,STORE02,28.4,0.0,73.8,Cloudy,0,,0,,0
2025-09-11,STORE02,15.8,0.0,69.6,Cloudy,0,,0,,0
2025-09-12,STORE02,26.0,0.0,81.2,Foggy,0,,0,,0
2025-09-13,STORE02,20.5,1.0,62.5,Rainy,0,,0,,0
2025-09-14,STORE02,27.9,0.0,54.5,Sunny,0,,0,,0
2025-09-15,STORE02,26.7,2.2,76.3,Rainy,0,,0,,0
2025-09-16,STORE02,20.1,0.0,68.1,Clear,0,,0,,0
2025-09-17,STORE02,25.6,0.0,63.6,Sunny,0,,0,,0
2025-09-18,STORE02,27.0,4.0,78.2,Rainy,0,,0,,0
2025-09-19,STORE02,26.8,2.1,86.4,Rainy,0,,0,,0
2025-09-20,STORE02,21.1,2.8,67.9,Rainy,0,,0,,0
2025-09-21,STORE02,20.6,0.0,61.6,Sunny,0,,0,,0
2025-09-22,STORE02,22.5,0.0,71.0,Cloudy,0,,0,,0
2025-09-23,STORE02,21.1,0.0,68.1,Clear,0,,0,,0
2025-09-24,STORE02,27.3,0.0,68.8,Cloudy,0,,0,,0
2025-09-25,STORE02,26.4,0.0,79.1,Windy,0,,0,,0
2025-09-26,STORE02,20.7,0.0,71.2,Sunny,0,,0,,0
2025-09-27,STORE02,27.2,0.0,72.7,Cloudy,0,,0,,0
2025-09-28,STORE02,26.5,1.7,74.6,Rainy,0,,0,,0
2025-09-29,STORE02,29.6,0.5,64.3,Rainy,0,,0,,0
2025-09-30,STORE02,22.7,0.5,65.2,Rainy,0,,0,,0
2025-10-01,STORE02,17.0,0.0,81.2,Foggy,0,Festive Season Sale,1,sale_event,3
2025-10-02,STORE02,16.4,0.0,79.7,Sunny,0,,0,,0
2025-10-03,STORE02,13.7,0.0,68.4,Cloudy,1,Navratri Day 1,1,festival,3
2025-10-04,STORE02,14.0,1.3,76.2,Rainy,1,Navratri Day 2,1,festival,3
2025-10-05,STORE02,15.1,0.0,78.7,Clear,1,Navratri Day 3,1,festival,3
2025-10-06,STORE02,16.5,0.0,68.1,Windy,1,Navratri Day 4,1,festival,3
2025-10-07,STORE02,20.1,0.0,77.7,Sunny,1,Navratri Day 5,1,festival,3
2025-10-08,STORE02,10.6,0.0,76.0,Sunny,1,Navratri Day 6,1,festival,3
2025-10-09,STORE02,16.8,0.0,76.2,Cloudy,1,Navratri Day 7,1,festival,3
2025-10-10,STORE02,16.4,0.0,63.7,Cloudy,1,Navratri Day 8,1,festival,3
2025-10-11,STORE02,13.8,0.0,75.9,Sunny,1,Navratri Day 9 (Maha Navami),1,festival,3
2025-10-12,STORE02,12.2,3.1,83.1,Rainy,1,Dussehra,1,festival,3
2025-10-13,STORE02,11.9,1.5,79.0,Rainy,0,,0,,0
2025-10-14,STORE02,14.6,0.0,73.2,Cloudy,0,,0,,0
2025-10-15,STORE02,13.0,0.0,53.2,Sunny,0,,0,,0
2025-10-16,STORE02,18.1,0.0,80.5,Foggy,0,,0,,0
2025-10-17,STORE02,9.2,0.0,75.7,Sunny,0,,0,,0
2025-10-18,STORE02,11.6,1.0,73.0,Rainy,0,,0,,0
2025-10-19,STORE02,16.6,0.0,71.5,Sunny,0,,0,,0
2025-10-20,STORE02,19.9,0.0,88.6,Foggy,0,,0,,0
2025-10-21,STORE02,19.9,0.0,74.9,Clear,0,,0,,0
2025-10-22,STORE02,16.2,0.3,67.9,Rainy,0,,0,,0
2025-10-23,STORE02,17.6,0.0,99.1,Foggy,0,,0,,0
2025-10-24,STORE02,18.0,0.0,75.6,Sunny,0,,0,,0
2025-10-25,STORE02,16.5,0.0,74.8,Windy,0,,0,,0
2025-10-26,STORE02,18.6,0.0,58.7,Sunny,0,,0,,0
2025-10-27,STORE02,9.1,0.0,88.3,Foggy,0,,0,,0
2025-10-28,STORE02,13.4,3.9,71.5,Rainy,0,,0,,0
2025-10-29,STORE02,20.2,0.0,65.4,Sunny,0,,0,,0
2025-10-30,STORE02,9.4,0.0,87.1,Foggy,0,,0,,0
2025-10-31,STORE02,18.6,0.0,75.3,Sunny,0,,0,,0
2025-11-01,STORE02,4.6,0.0,82.4,Foggy,1,Diwali,1,festival,3
2025-11-02,STORE02,12.6,0.0,70.1,Sunny,1,Diwali (Govardhan Puja),1,festival,3
2025-11-03,STORE02,7.3,0.9,65.3,Rainy,1,Bhai Dooj,1,festival,2
2025-11-04,STORE02,7.0,0.0,92.4,Foggy,0,,0,,0
2025-11-05,STORE02,7.2,0.2,66.0,Rainy,0,,0,,0
2025-11-06,STORE02,7.0,0.0,80.7,Foggy,0,,0,,0
2025-11-07,STORE02,9.3,0.4,66.9,Rainy,0,,0,,0
2025-11-08,STORE02,6.2,0.0,85.1,Foggy,0,,0,,0
2025-11-09,STORE02,5.5,0.0,62.7,Cloudy,0,,0,,0
2025-11-10,STORE02,19.1,0.0,54.7,Sunny,0,,0,,0
2025-11-11,STORE02,3.4,0.0,79.1,Sunny,0,,0,,0
2025-11-12,STORE02,8.7,0.0,75.5,Cloudy,0,,0,,0
2025-11-13,STORE02,14.0,0.0,74.3,Sunny,0,,0,,0
2025-11-14,STORE02,12.1,0.0,73.6,Sunny,0,,0,,0
2025-11-15,STORE02,6.8,0.0,78.1,Clear,0,Sabarmati Festival,1,concert,2
2025-11-16,STORE02,9.9,0.0,77.2,Cloudy,0,,0,,0
2025-11-17,STORE02,11.0,0.0,76.9,Sunny,0,,0,,0
2025-11-18,STORE02,6.6,1.0,81.3,Rainy,0,,0,,0
2025-11-19,STORE02,8.5,0.0,81.3,Foggy,0,,0,,0
2025-11-20,STORE02,4.4,0.0,71.4,Cloudy,0,,0,,0
2025-11-21,STORE02,8.4,0.0,74.6,Clear,0,,0,,0
2025-11-22,STORE02,6.5,0.0,61.4,Clear,0,,0,,0
2025-11-23,STORE02,2.9,2.3,59.5,Rainy,0,,0,,0
2025-11-24,STORE02,2.1,0.0,66.5,Sunny,0,,0,,0
2025-11-25,STORE02,12.3,0.0,58.4,Sunny,0,,0,,0
2025-11-26,STORE02,9.1,0.0,65.5,Cloudy,0,,0,,0
2025-11-27,STORE02,10.8,6.7,72.1,Rainy,0,,0,,0
2025-11-28,STORE02,11.0,0.0,75.1,Sunny,0,,0,,0
2025-11-29,STORE02,3.9,0.1,83.7,Rainy,0,,0,,0
2025-11-30,STORE02,8.9,0.0,65.9,Sunny,0,,0,,0
2025-12-01,STORE02,4.6,0.0,63.6,Cloudy,0,,0,,0
2025-12-02,STORE02,10.2,0.0,54.4,Cloudy,0,,0,,0
2025-12-03,STORE02,5.8,0.0,63.2,Windy,0,,0,,0
2025-12-04,STORE02,-0.7,1.2,59.0,Snowy,0,,0,,0
2025-12-05,STORE02,3.3,0.8,72.7,Rainy,0,,0,,0
2025-12-06,STORE02,-0.9,0.0,65.4,Clear,0,,0,,0
2025-12-07,STORE02,5.2,0.0,73.0,Sunny,0,,0,,0
2025-12-08,STORE02,-2.2,0.0,66.9,Clear,0,,0,,0
2025-12-09,STORE02,2.4,0.0,72.7,Sunny,0,,0,,0
2025-12-10,STORE02,2.9,4.8,67.0,Rainy,0,,0,,0
2025-12-11,STORE02,2.7,0.5,79.3,Rainy,0,,0,,0
2025-12-12,STORE02,0.5,0.0,60.2,Sunny,0,,0,,0
2025-12-13,STORE02,2.8,0.0,51.3,Clear,0,,0,,0
2025-12-14,STORE02,4.3,0.0,69.1,Clear,0,,0,,0
2025-12-15,STORE02,-2.5,0.2,72.4,Snowy,0,,0,,0
2025-12-16,STORE02,-2.4,0.0,67.7,Clear,0,,0,,0
2025-12-17,STORE02,3.9,0.0,70.3,Clear,0,,0,,0
2025-12-18,STORE02,13.4,0.0,81.7,Foggy,0,,0,,0
2025-12-19,STORE02,4.8,0.0,74.5,Sunny,0,,0,,0
2025-12-20,STORE02,7.1,0.0,70.1,Cloudy,0,Year-End Sale,1,sale_event,2
2025-12-21,STORE02,2.2,1.7,79.2,Rainy,0,,0,,0
2025-12-22,STORE02,4.7,1.6,62.3,Rainy,0,,0,,0
2025-12-23,STORE02,-0.5,0.0,64.2,Clear,0,,0,,0
2025-12-24,STORE02,2.7,2.9,55.5,Rainy,0,,0,,0
2025-12-25,STORE02,-4.4,0.3,73.7,Snowy,0,Christmas Sale,1,sale_event,1
2025-12-26,STORE02,2.9,0.0,76.4,Cloudy,0,,0,,0
2025-12-27,STORE02,-2.4,0.0,62.1,Clear,0,,0,,0
2025-12-28,STORE02,10.5,0.6,60.3,Rainy,0,,0,,0
2025-12-29,STORE02,8.0,1.3,59.7,Rainy,0,,0,,0
2025-12-30,STORE02,8.9,0.9,57.7,Rainy,0,,0,,0
2025-12-31,STORE02,0.3,0.0,83.2,Foggy,0,New Year's Eve Concert,1,concert,2
2026-01-01,STORE02,8.9,0.0,52.7,Cloudy,0,,0,,0
2026-01-02,STORE02,-0.7,11.1,57.4,Rainy,0,,0,,0
2026-01-03,STORE02,-3.5,0.0,65.1,Clear,0,,0,,0
2026-01-04,STORE02,4.6,10.0,51.9,Rainy,0,,0,,0
2026-01-05,STORE02,-4.8,0.0,63.2,Clear,0,,0,,0
2026-01-06,STORE02,0.1,0.0,53.9,Cloudy,0,,0,,0
2026-01-07,STORE02,6.4,7.6,36.4,Rainy,0,,0,,0
2026-01-08,STORE02,0.9,0.0,48.0,Sunny,0,,0,,0
2026-01-09,STORE02,-1.7,0.0,35.5,Clear,0,,0,,0
2026-01-10,STORE02,4.8,8.3,61.9,Rainy,0,New Year Sale,1,sale_event,2
2026-01-11,STORE02,-7.5,5.8,53.5,Rainy,0,,0,,0
2026-01-12,STORE02,-1.6,7.2,68.5,Rainy,0,,0,,0
2026-01-13,STORE02,-0.0,0.0,65.4,Cloudy,0,,0,,0
2026-01-14,STORE02,-5.0,0.0,59.6,Clear,1,Uttarayan (Makar Sankranti),1,festival,3
2026-01-15,STORE02,-2.0,8.0,58.5,Rainy,1,Uttarayan Day 2,1,festival,3
2026-01-16,STORE02,-1.4,0.0,63.1,Clear,0,,0,,0
2026-01-17,STORE02,7.6,0.0,61.7,Cloudy,0,,0,,0
2026-01-18,STORE02,-8.0,0.0,49.1,Clear,0,,0,,0
2026-01-19,STORE02,-7.1,0.0,52.4,Clear,0,,0,,0
2026-01-20,STORE02,-0.2,6.4,51.6,Rainy,0,,0,,0
2026-01-21,STORE02,-5.8,0.0,67.4,Clear,0,,0,,0
2026-01-22,STORE02,-1.1,6.9,65.8,Rainy,0,,0,,0
2026-01-23,STORE02,-5.0,7.1,52.6,Rainy,0,,0,,0
2026-01-24,STORE02,-2.7,0.0,42.6,Clear,0,,0,,0
2026-01-25,STORE02,-1.6,0.0,30.0,Clear,0,,0,,0
2026-01-26,STORE02,7.4,7.2,34.4,Rainy,1,Republic Day,1,holiday,3
2026-01-27,STORE02,2.9,0.0,59.0,Sunny,0,,0,,0
2026-01-28,STORE02,-2.1,11.6,42.8,Rainy,0,,0,,0
2026-01-29,STORE02,7.0,6.2,70.7,Rainy,0,,0,,0
2026-01-30,STORE02,3.0,7.7,52.2,Rainy,0,,0,,0
2026-01-31,STORE02,2.2,0.0,54.2,Sunny,0,,0,,0
2026-02-01,STORE02,9.4,0.0,36.1,Clear,0,,0,,0
2026-02-02,STORE02,2.3,0.0,48.1,Clear,0,,0,,0
2026-02-03,STORE02,1.4,0.0,44.5,Cloudy,0,,0,,0
2026-02-04,STORE02,0.4,0.0,30.9,Sunny,0,,0,,0
2026-02-05,STORE02,2.0,13.6,41.1,Rainy,0,,0,,0
2026-02-06,STORE02,3.1,13.0,50.6,Rainy,0,,0,,0
2026-02-07,STORE02,8.3,0.0,35.8,Sunny,0,,0,,0
2026-02-08,STORE02,11.4,0.0,44.4,Cloudy,0,,0,,0
2026-02-09,STORE02,10.6,0.0,50.3,Cloudy,0,,0,,0
2026-02-10,STORE02,8.2,12.3,32.7,Rainy,0,,0,,0
2026-02-11,STORE02,-4.3,12.3,37.9,Rainy,0,,0,,0
2026-02-12,STORE02,4.4,0.0,48.2,Cloudy,0,,0,,0
2026-02-13,STORE02,1.1,12.6,46.6,Rainy,0,,0,,0
2026-02-14,STORE02,5.4,0.0,44.1,Windy,0,Valentine's Concert,1,concert,1
2026-02-15,STORE02,-8.5,15.8,55.0,Stormy,0,,0,,0
2026-02-16,STORE02,1.7,0.0,53.7,Cloudy,0,,0,,0
2026-02-17,STORE02,2.4,0.0,49.1,Sunny,0,,0,,0
2026-02-18,STORE02,-3.2,0.0,39.7,Clear,0,,0,,0
2026-02-19,STORE02,9.3,0.0,49.0,Cloudy,0,,0,,0
2026-02-20,STORE02,-1.4,0.0,28.8,Clear,0,,0,,0
2026-02-21,STORE02,-1.1,0.0,37.3,Clear,0,,0,,0
2026-02-22,STORE02,4.2,0.0,45.3,Sunny,0,,0,,0
2026-02-23,STORE02,1.0,0.0,43.2,Cloudy,0,,0,,0
2026-02-24,STORE02,8.6,0.0,46.0,Cloudy,0,,0,,0
2026-02-25,STORE02,-2.3,0.0,64.9,Clear,0,,0,,0
2026-02-26,STORE02,3.4,13.8,29.3,Rainy,0,,0,,0
2026-02-27,STORE02,2.5,0.0,34.5,Clear,0,,0,,0
2026-02-28,STORE02,0.0,0.0,39.8,Cloudy,0,,0,,0
2026-03-01,STORE02,12.5,0.0,42.6,Clear,0,,0,,0
2026-03-02,STORE02,5.3,0.0,38.5,Cloudy,0,,0,,0
2026-03-03,STORE02,7.4,0.0,28.7,Sunny,0,,0,,0
2026-03-04,STORE02,5.8,17.3,33.2,Stormy,0,,0,,0
2026-03-05,STORE02,9.7,33.0,37.7,Stormy,0,,0,,0
2026-03-06,STORE02,4.6,0.0,23.6,Cloudy,0,,0,,0
2026-03-07,STORE02,13.3,0.0,20.0,Windy,0,,0,,0
2026-03-08,STORE02,6.6,0.0,34.7,Sunny,0,Ahmedabad Food Festival,1,sale_event,1
2026-03-09,STORE02,8.5,16.7,35.1,Stormy,0,,0,,0
2026-03-10,STORE02,5.9,0.0,43.9,Sunny,0,,0,,0
2026-03-11,STORE02,13.1,20.7,38.4,Stormy,0,,0,,0
2026-03-12,STORE02,6.4,0.0,35.6,Sunny,0,,0,,0
2026-03-13,STORE02,3.7,17.6,35.6,Stormy,0,,0,,0
2026-03-14,STORE02,12.0,19.4,42.9,Stormy,1,Holi,1,festival,3
2026-03-15,STORE02,11.8,23.3,37.6,Stormy,1,Holi (Dhuleti),1,festival,2
2026-03-16,STORE02,12.3,0.0,33.4,Windy,0,,0,,0
2026-03-17,STORE02,7.4,17.7,34.0,Stormy,0,,0,,0
2026-03-18,STORE02,8.4,0.0,23.9,Sunny,0,,0,,0
2026-03-19,STORE02,7.3,0.0,42.8,Cloudy,0,,0,,0
2026-03-20,STORE02,11.5,0.0,35.9,Windy,0,,0,,0
2026-03-21,STORE02,5.1,0.0,42.7,Windy,0,,0,,0
2026-03-22,STORE02,10.6,18.8,29.9,Stormy,0,,0,,0
2026-03-23,STORE02,-2.4,0.0,41.6,Clear,0,,0,,0
2026-03-24,STORE02,6.3,17.1,38.7,Stormy,0,,0,,0
2026-03-25,STORE02,9.3,18.0,37.7,Stormy,0,,0,,0
2026-03-26,STORE02,4.6,18.6,24.6,Stormy,0,,0,,0
2026-03-27,STORE02,11.7,0.0,36.4,Sunny,0,,0,,0
2026-03-28,STORE02,7.2,0.0,38.4,Sunny,0,,0,,0
2026-03-29,STORE02,1.2,0.0,23.7,Sunny,0,,0,,0
2026-03-30,STORE02,1.9,0.0,35.5,Clear,0,,0,,0
2026-03-31,STORE02,2.5,0.0,54.5,Cloudy,0,,0,,0
2026-04-01,STORE02,20.3,0.0,31.5,Cloudy,0,,0,,0
2024-04-01,STORE03,15.3,18.9,30.2,Stormy,0,,0,,0
2024-04-02,STORE03,20.1,21.0,25.4,Stormy,0,,0,,0
2024-04-03,STORE03,16.6,0.0,49.4,Sunny,0,,0,,0
2024-04-04,STORE03,12.2,0.0,55.5,Sunny,0,,0,,0
2024-04-05,STORE03,14.3,15.4,29.9,Stormy,0,IPL Match — Home Game,1,cricket_match,2
2024-04-06,STORE03,13.2,0.0,31.4,Sunny,0,,0,,0
2024-04-07,STORE03,14.3,0.0,34.9,Windy,0,,0,,0
2024-04-08,STORE03,13.1,18.1,47.6,Stormy,0,,0,,0
2024-04-09,STORE03,14.3,0.0,48.4,Sunny,0,,0,,0
2024-04-10,STORE03,12.9,0.0,43.6,Cloudy,0,,0,,0
2024-04-11,STORE03,14.2,0.0,28.3,Sunny,0,,0,,0
2024-04-12,STORE03,17.7,0.0,27.1,Cloudy,0,IPL Match — Rivalry,1,cricket_match,3
2024-04-13,STORE03,18.5,19.2,45.7,Stormy,0,,0,,0
2024-04-14,STORE03,12.6,15.4,41.6,Stormy,0,,0,,0
2024-04-15,STORE03,8.6,0.0,20.0,Clear,0,,0,,0
2024-04-16,STORE03,14.6,0.0,33.1,Sunny,0,,0,,0
2024-04-17,STORE03,15.8,0.0,29.7,Cloudy,0,,0,,0
2024-04-18,STORE03,13.3,0.0,39.2,Sunny,0,,0,,0
2024-04-19,STORE03,19.9,15.7,39.9,Stormy,0,IPL Match,1,cricket_match,2
2024-04-20,STORE03,18.7,0.0,30.9,Clear,0,,0,,0
2024-04-21,STORE03,9.9,0.0,29.8,Cloudy,0,,0,,0
2024-04-22,STORE03,9.6,20.6,34.1,Stormy,0,,0,,0
2024-04-23,STORE03,15.2,0.0,48.1,Cloudy,0,,0,,0
2024-04-24,STORE03,15.0,0.0,24.0,Sunny,0,,0,,0
2024-04-25,STORE03,13.5,0.0,31.4,Sunny,0,,0,,0
2024-04-26,STORE03,12.7,0.0,42.1,Cloudy,0,IPL Match — Home Game,1,cricket_match,2
2024-04-27,STORE03,8.6,0.0,35.0,Windy,0,,0,,0
2024-04-28,STORE03,12.8,20.9,30.0,Stormy,0,,0,,0
2024-04-29,STORE03,18.7,15.3,37.3,Stormy,0,,0,,0
2024-04-30,STORE03,14.5,15.3,46.4,Stormy,0,,0,,0
2024-05-01,STORE03,18.2,0.0,42.2,Cloudy,0,,0,,0
2024-05-02,STORE03,23.2,15.8,40.1,Stormy,0,,0,,0
2024-05-03,STORE03,18.5,14.3,32.3,Rainy,0,IPL Match,1,cricket_match,2
2024-05-04,STORE03,22.8,0.0,23.6,Clear,0,,0,,0
2024-05-05,STORE03,17.4,0.0,26.1,Sunny,0,,0,,0
2024-05-06,STORE03,15.8,0.0,33.7,Clear,0,,0,,0
2024-05-07,STORE03,27.1,0.0,38.4,Sunny,0,,0,,0
2024-05-08,STORE03,20.9,0.0,35.5,Clear,0,,0,,0
2024-05-09,STORE03,21.3,0.0,30.3,Sunny,0,,0,,0
2024-05-10,STORE03,13.4,0.0,34.7,Sunny,0,IPL Match — Playoff,1,cricket_match,3
2024-05-11,STORE03,18.4,0.0,47.9,Cloudy,0,,0,,0
2024-05-12,STORE03,26.4,0.0,35.5,Cloudy,0,,0,,0
2024-05-13,STORE03,16.6,15.0,32.8,Rainy,0,,0,,0
2024-05-14,STORE03,29.0,0.0,29.4,Clear,0,,0,,0
2024-05-15,STORE03,24.4,0.0,48.0,Cloudy,0,,0,,0
2024-05-16,STORE03,24.5,0.0,27.9,Cloudy,0,,0,,0
2024-05-17,STORE03,21.6,0.0,33.1,Sunny,0,IPL Match,1,cricket_match,2
2024-05-18,STORE03,27.7,0.0,27.1,Sunny,0,,0,,0
2024-05-19,STORE03,24.6,0.0,48.6,Clear,0,,0,,0
2024-05-20,STORE03,17.0,0.0,34.4,Clear,0,,0,,0
2024-05-21,STORE03,18.6,0.0,37.8,Sunny,0,,0,,0
2024-05-22,STORE03,28.2,0.0,33.9,Sunny,0,,0,,0
2024-05-23,STORE03,21.2,0.0,44.6,Clear,0,,0,,0
2024-05-24,STORE03,22.5,0.0,20.0,Windy,0,IPL Final (if qualified),1,cricket_match,3
2024-05-25,STORE03,21.3,15.1,34.1,Stormy,0,,0,,0
2024-05-26,STORE03,20.3,0.0,28.4,Clear,0,,0,,0
2024-05-27,STORE03,19.2,21.6,37.0,Stormy,0,,0,,0
2024-05-28,STORE03,21.1,0.0,29.5,Sunny,0,,0,,0
2024-05-29,STORE03,26.0,0.0,36.3,Clear,0,,0,,0
2024-05-30,STORE03,20.7,14.7,38.7,Rainy,0,,0,,0
2024-05-31,STORE03,24.6,0.0,49.3,Windy,0,,0,,0
2024-06-01,STORE03,33.5,0.0,52.2,Sunny,0,,0,,0
2024-06-02,STORE03,25.3,0.0,62.0,Cloudy,0,,0,,0
2024-06-03,STORE03,31.6,0.0,66.4,Sunny,0,,0,,0
2024-06-04,STORE03,20.7,0.0,59.1,Cloudy,0,,0,,0
2024-06-05,STORE03,31.5,0.0,33.1,Sunny,0,,0,,0
2024-06-06,STORE03,23.9,10.7,46.5,Rainy,0,,0,,0
2024-06-07,STORE03,24.8,12.6,44.9,Rainy,0,,0,,0
2024-06-08,STORE03,19.8,0.0,32.6,Sunny,0,,0,,0
2024-06-09,STORE03,24.9,0.0,50.9,Sunny,0,,0,,0
2024-06-10,STORE03,24.4,0.0,45.8,Cloudy,0,,0,,0
2024-06-11,STORE03,27.3,0.0,23.8,Cloudy,0,,0,,0
2024-06-12,STORE03,20.8,10.2,38.7,Rainy,0,,0,,0
2024-06-13,STORE03,26.7,12.9,61.9,Rainy,0,,0,,0
2024-06-14,STORE03,28.1,0.0,37.9,Sunny,0,,0,,0
2024-06-15,STORE03,29.6,10.9,45.6,Rainy,0,Summer Sale,1,sale_event,2
2024-06-16,STORE03,28.3,11.0,31.9,Rainy,0,,0,,0
2024-06-17,STORE03,29.0,0.0,40.2,Cloudy,0,,0,,0
2024-06-18,STORE03,26.8,17.6,57.2,Stormy,0,,0,,0
2024-06-19,STORE03,27.8,0.0,41.1,Clear,0,,0,,0
2024-06-20,STORE03,22.3,0.0,47.6,Sunny,0,,0,,0
2024-06-21,STORE03,26.6,12.4,50.6,Rainy,0,,0,,0
2024-06-22,STORE03,21.1,0.0,50.3,Sunny,0,,0,,0
2024-06-23,STORE03,26.2,0.0,30.2,Windy,0,,0,,0
2024-06-24,STORE03,32.5,0.0,67.5,Cloudy,0,,0,,0
2024-06-25,STORE03,21.9,0.0,32.5,Clear,0,,0,,0
2024-06-26,STORE03,30.1,11.3,46.6,Rainy,0,,0,,0
2024-06-27,STORE03,23.8,0.0,45.3,Windy,0,,0,,0
2024-06-28,STORE03,24.6,10.2,49.5,Rainy,0,,0,,0
2024-06-29,STORE03,28.7,0.0,48.5,Sunny,0,,0,,0
2024-06-30,STORE03,28.0,0.0,36.9,Sunny,0,,0,,0
2024-07-01,STORE03,30.8,5.9,45.6,Rainy,0,Monsoon Clearance,1,sale_event,1
2024-07-02,STORE03,27.5,0.0,48.7,Sunny,0,,0,,0
2024-07-03,STORE03,25.9,0.0,43.6,Sunny,0,,0,,0
2024-07-04,STORE03,23.5,0.0,55.4,Clear,0,,0,,0
2024-07-05,STORE03,26.2,0.0,61.4,Sunny,0,,0,,0
2024-07-06,STORE03,24.8,0.0,63.3,Sunny,0,,0,,0
2024-07-07,STORE03,29.7,0.0,51.5,Sunny,0,,0,,0
2024-07-08,STORE03,35.1,13.2,47.9,Rainy,0,,0,,0
2024-07-09,STORE03,24.8,0.0,52.0,Clear,0,,0,,0
2024-07-10,STORE03,29.3,0.0,61.2,Sunny,0,,0,,0
2024-07-11,STORE03,25.0,0.0,61.6,Cloudy,0,,0,,0
2024-07-12,STORE03,26.3,5.7,36.2,Rainy,0,,0,,0
2024-07-13,STORE03,29.8,0.0,47.2,Windy,0,,0,,0
2024-07-14,STORE03,23.4,0.0,60.3,Sunny,0,,0,,0
2024-07-15,STORE03,32.0,5.1,60.1,Rainy,0,,0,,0
2024-07-16,STORE03,24.2,0.0,45.2,Cloudy,0,,0,,0
2024-07-17,STORE03,28.1,0.0,46.4,Sunny,0,,0,,0
2024-07-18,STORE03,33.3,0.0,58.1,Cloudy,0,,0,,0
2024-07-19,STORE03,30.8,9.1,57.2,Rainy,0,,0,,0
2024-07-20,STORE03,30.8,0.0,45.0,Sunny,0,,0,,0
2024-07-21,STORE03,31.7,0.0,61.0,Sunny,0,,0,,0
2024-07-22,STORE03,30.3,0.0,56.5,Cloudy,0,,0,,0
2024-07-23,STORE03,29.5,5.1,64.4,Rainy,0,,0,,0
2024-07-24,STORE03,26.8,0.0,67.9,Cloudy,0,,0,,0
2024-07-25,STORE03,27.5,0.0,55.3,Sunny,0,,0,,0
2024-07-26,STORE03,25.6,0.0,43.9,Cloudy,0,,0,,0
2024-07-27,STORE03,35.8,0.0,54.6,Sunny,0,,0,,0
2024-07-28,STORE03,23.8,0.0,61.2,Sunny,0,,0,,0
2024-07-29,STORE03,20.4,8.9,63.5,Rainy,0,,0,,0
2024-07-30,STORE03,19.7,0.0,47.8,Sunny,0,,0,,0
2024-07-31,STORE03,27.0,0.0,57.2,Sunny,0,,0,,0
2024-08-01,STORE03,25.0,0.0,64.1,Clear,0,,0,,0
2024-08-02,STORE03,24.7,1.8,70.8,Rainy,0,,0,,0
2024-08-03,STORE03,28.2,2.1,54.1,Rainy,0,,0,,0
2024-08-04,STORE03,25.5,0.0,76.6,Sunny,0,,0,,0
2024-08-05,STORE03,19.9,0.0,100.0,Foggy,0,,0,,0
2024-08-06,STORE03,30.0,1.6,63.6,Rainy,0,,0,,0
2024-08-07,STORE03,31.9,0.0,71.6,Clear,0,,0,,0
2024-08-08,STORE03,25.5,0.2,63.5,Rainy,0,,0,,0
2024-08-09,STORE03,26.9,0.0,66.7,Cloudy,0,,0,,0
2024-08-10,STORE03,20.6,0.0,59.5,Clear,0,Freedom Sale,1,sale_event,2
2024-08-11,STORE03,35.7,0.0,58.8,Sunny,0,,0,,0
2024-08-12,STORE03,31.3,0.8,69.1,Rainy,0,,0,,0
2024-08-13,STORE03,22.1,2.2,60.6,Rainy,0,,0,,0
2024-08-14,STORE03,34.3,0.0,76.1,Sunny,0,,0,,0
2024-08-15,STORE03,23.1,0.1,77.5,Rainy,1,Independence Day,1,holiday,3
2024-08-16,STORE03,27.6,0.0,67.6,Clear,0,,0,,0
2024-08-17,STORE03,27.1,1.2,82.5,Rainy,0,,0,,0
2024-08-18,STORE03,35.5,1.0,42.7,Rainy,0,,0,,0
2024-08-19,STORE03,26.4,0.0,55.1,Sunny,0,,0,,0
2024-08-20,STORE03,23.7,0.0,72.5,Windy,0,,0,,0
2024-08-21,STORE03,32.1,0.0,67.9,Clear,0,,0,,0
2024-08-22,STORE03,24.3,0.0,70.2,Windy,0,,0,,0
2024-08-23,STORE03,30.1,0.0,50.8,Sunny,0,,0,,0
2024-08-24,STORE03,23.7,3.4,45.6,Rainy,0,,0,,0
2024-08-25,STORE03,22.6,3.1,73.4,Rainy,0,,0,,0
2024-08-26,STORE03,24.7,0.0,69.1,Clear,1,Janmashtami,1,festival,2
2024-08-27,STORE03,27.9,0.0,68.2,Sunny,0,,0,,0
2024-08-28,STORE03,31.0,0.0,69.2,Cloudy,0,,0,,0
2024-08-29,STORE03,28.1,0.0,70.1,Cloudy,0,,0,,0
2024-08-30,STORE03,28.0,0.6,52.6,Rainy,0,,0,,0
2024-08-31,STORE03,25.2,0.5,66.2,Rainy,0,,0,,0
2024-09-01,STORE03,21.6,6.1,64.1,Rainy,0,,0,,0
2024-09-02,STORE03,17.1,0.0,69.6,Cloudy,0,,0,,0
2024-09-03,STORE03,15.3,0.0,79.1,Sunny,0,,0,,0
2024-09-04,STORE03,23.2,0.0,59.1,Sunny,0,,0,,0
2024-09-05,STORE03,18.9,0.0,57.8,Windy,0,,0,,0
2024-09-06,STORE03,22.7,0.0,56.3,Sunny,0,,0,,0
2024-09-07,STORE03,22.4,1.6,85.1,Rainy,1,Ganesh Chaturthi,1,festival,2
2024-09-08,STORE03,13.2,0.0,72.8,Cloudy,0,,0,,0
2024-09-09,STORE03,15.5,0.0,68.7,Clear,0,,0,,0
2024-09-10,STORE03,19.6,6.9,72.3,Rainy,0,,0,,0
2024-09-11,STORE03,21.4,0.0,71.1,Clear,0,,0,,0
2024-09-12,STORE03,10.9,0.0,100.0,Foggy,0,,0,,0
2024-09-13,STORE03,20.6,0.5,60.5,Rainy,0,,0,,0
2024-09-14,STORE03,16.2,0.0,79.4,Sunny,0,,0,,0
2024-09-15,STORE03,18.2,0.0,71.2,Cloudy,0,,0,,0
2024-09-16,STORE03,19.9,0.0,61.2,Sunny,0,,0,,0
2024-09-17,STORE03,18.2,1.9,74.5,Rainy,0,,0,,0
2024-09-18,STORE03,19.9,0.0,76.7,Clear,0,,0,,0
2024-09-19,STORE03,23.6,4.0,90.1,Rainy,0,,0,,0
2024-09-20,STORE03,27.9,0.0,84.3,Foggy,0,,0,,0
2024-09-21,STORE03,18.7,1.2,100.0,Rainy,0,,0,,0
2024-09-22,STORE03,21.2,0.0,86.3,Foggy,0,,0,,0
2024-09-23,STORE03,16.6,0.5,89.3,Rainy,0,,0,,0
2024-09-24,STORE03,29.8,3.1,79.5,Rainy,0,,0,,0
2024-09-25,STORE03,23.5,0.0,63.9,Sunny,0,,0,,0
2024-09-26,STORE03,16.9,0.5,76.0,Rainy,0,,0,,0
2024-09-27,STORE03,21.6,0.0,78.7,Sunny,0,,0,,0
2024-09-28,STORE03,15.3,1.9,84.3,Rainy,0,,0,,0
2024-09-29,STORE03,17.9,0.0,75.7,Cloudy,0,,0,,0
2024-09-30,STORE03,24.6,0.0,63.3,Sunny,0,,0,,0
2024-10-01,STORE03,19.6,0.0,87.7,Foggy,0,Festive Season Sale,1,sale_event,3
2024-10-02,STORE03,14.8,0.0,70.8,Sunny,0,,0,,0
2024-10-03,STORE03,14.8,2.0,72.7,Rainy,1,Navratri Day 1,1,festival,3
2024-10-04,STORE03,9.8,0.6,72.1,Rainy,1,Navratri Day 2,1,festival,3
2024-10-05,STORE03,7.2,0.0,61.0,Clear,1,Navratri Day 3,1,festival,3
2024-10-06,STORE03,12.4,3.2,83.5,Rainy,1,Navratri Day 4,1,festival,3
2024-10-07,STORE03,19.5,6.0,68.7,Rainy,1,Navratri Day 5,1,festival,3
2024-10-08,STORE03,17.7,1.6,81.5,Rainy,1,Navratri Day 6,1,festival,3
2024-10-09,STORE03,11.2,4.5,72.3,Rainy,1,Navratri Day 7,1,festival,3
2024-10-10,STORE03,11.5,0.0,78.6,Windy,1,Navratri Day 8,1,festival,3
2024-10-11,STORE03,13.9,0.0,65.6,Clear,1,Navratri Day 9 (Maha Navami),1,festival,3
2024-10-12,STORE03,18.5,2.5,70.7,Rainy,1,Dussehra,1,festival,3
2024-10-13,STORE03,15.8,0.0,72.0,Clear,0,,0,,0
2024-10-14,STORE03,7.7,0.0,67.1,Cloudy,0,,0,,0
2024-10-15,STORE03,11.6,0.0,62.1,Windy,0,,0,,0
2024-10-16,STORE03,12.2,1.8,77.4,Rainy,0,,0,,0
2024-10-17,STORE03,8.8,0.0,85.1,Foggy,0,,0,,0
2024-10-18,STORE03,18.7,0.0,75.5,Clear,0,,0,,0
2024-10-19,STORE03,11.4,0.0,58.9,Cloudy,0,,0,,0
2024-10-20,STORE03,15.2,0.0,83.6,Foggy,0,,0,,0
2024-10-21,STORE03,10.9,0.0,82.7,Foggy,0,,0,,0
2024-10-22,STORE03,9.2,16.9,85.9,Stormy,0,,0,,0
2024-10-23,STORE03,17.1,0.0,84.0,Foggy,0,,0,,0
2024-10-24,STORE03,9.7,0.0,97.6,Foggy,0,,0,,0
2024-10-25,STORE03,4.9,0.0,71.3,Windy,0,,0,,0
2024-10-26,STORE03,8.1,7.7,74.8,Rainy,0,,0,,0
2024-10-27,STORE03,15.7,0.7,59.6,Rainy,0,,0,,0
2024-10-28,STORE03,15.8,0.0,77.5,Sunny,0,,0,,0
2024-10-29,STORE03,11.1,0.1,76.0,Rainy,0,,0,,0
2024-10-30,STORE03,9.9,0.0,68.8,Cloudy,0,,0,,0
2024-10-31,STORE03,17.3,0.0,68.4,Sunny,0,,0,,0
2024-11-01,STORE03,1.4,0.0,91.3,Foggy,1,Diwali,1,festival,3
2024-11-02,STORE03,11.8,4.0,49.0,Rainy,1,Diwali (Govardhan Puja),1,festival,3
2024-11-03,STORE03,4.2,0.0,63.6,Clear,1,Bhai Dooj,1,festival,2
2024-11-04,STORE03,9.4,2.0,88.7,Rainy,0,,0,,0
2024-11-05,STORE03,9.1,0.0,80.2,Foggy,0,,0,,0
2024-11-06,STORE03,9.9,0.0,72.1,Cloudy,0,,0,,0
2024-11-07,STORE03,10.5,0.7,81.7,Rainy,0,,0,,0
2024-11-08,STORE03,10.3,0.0,84.1,Foggy,0,,0,,0
2024-11-09,STORE03,3.1,0.0,78.7,Clear,0,,0,,0
2024-11-10,STORE03,3.7,0.6,56.0,Rainy,0,,0,,0
2024-11-11,STORE03,-2.0,0.0,52.4,Clear,0,,0,,0
2024-11-12,STORE03,-2.3,0.0,58.8,Clear,0,,0,,0
2024-11-13,STORE03,3.6,0.0,73.0,Cloudy,0,,0,,0
2024-11-14,STORE03,1.0,0.0,64.4,Cloudy,0,,0,,0
2024-11-15,STORE03,8.0,0.0,68.9,Cloudy,0,Sabarmati Festival,1,concert,2
2024-11-16,STORE03,-1.0,0.0,69.2,Clear,0,,0,,0
2024-11-17,STORE03,11.9,2.0,62.6,Rainy,0,,0,,0
2024-11-18,STORE03,3.8,0.7,68.5,Rainy,0,,0,,0
2024-11-19,STORE03,10.1,1.4,81.6,Rainy,0,,0,,0
2024-11-20,STORE03,11.9,1.5,73.2,Rainy,0,,0,,0
2024-11-21,STORE03,2.7,0.0,76.0,Sunny,0,,0,,0
2024-11-22,STORE03,5.4,2.2,60.8,Rainy,0,,0,,0
2024-11-23,STORE03,2.6,0.0,79.4,Clear,0,,0,,0
2024-11-24,STORE03,5.0,2.6,90.4,Rainy,0,,0,,0
2024-11-25,STORE03,11.4,0.0,67.6,Sunny,0,,0,,0
2024-11-26,STORE03,17.4,1.0,77.5,Rainy,0,,0,,0
2024-11-27,STORE03,12.6,0.0,76.4,Cloudy,0,,0,,0
2024-11-28,STORE03,12.1,3.4,93.3,Rainy,0,,0,,0
2024-11-29,STORE03,15.3,0.0,65.7,Windy,0,,0,,0
2024-11-30,STORE03,2.0,0.0,66.8,Sunny,0,,0,,0
2024-12-01,STORE03,2.5,0.0,64.0,Cloudy,0,,0,,0
2024-12-02,STORE03,1.4,2.7,54.9,Rainy,0,,0,,0
2024-12-03,STORE03,2.7,0.0,78.9,Cloudy,0,,0,,0
2024-12-04,STORE03,1.0,1.4,62.6,Rainy,0,,0,,0
2024-12-05,STORE03,3.4,3.5,72.9,Rainy,0,,0,,0
2024-12-06,STORE03,7.0,0.2,69.6,Rainy,0,,0,,0
2024-12-07,STORE03,-3.1,0.0,72.8,Clear,0,,0,,0
2024-12-08,STORE03,3.7,0.0,63.4,Sunny,0,,0,,0
2024-12-09,STORE03,6.1,2.5,94.5,Rainy,0,,0,,0
2024-12-10,STORE03,1.2,0.0,67.2,Clear,0,,0,,0
2024-12-11,STORE03,0.6,0.0,66.5,Cloudy,0,,0,,0
2024-12-12,STORE03,-4.9,0.0,81.1,Clear,0,,0,,0
2024-12-13,STORE03,-0.4,0.0,66.6,Clear,0,,0,,0
2024-12-14,STORE03,-0.5,0.0,81.0,Clear,0,,0,,0
2024-12-15,STORE03,3.2,0.0,58.6,Sunny,0,,0,,0
2024-12-16,STORE03,5.9,0.0,66.1,Sunny,0,,0,,0
2024-12-17,STORE03,-0.8,0.0,58.4,Clear,0,,0,,0
2024-12-18,STORE03,-5.1,0.0,63.1,Clear,0,,0,,0
2024-12-19,STORE03,1.1,0.0,70.6,Windy,0,,0,,0
2024-12-20,STORE03,2.1,0.0,64.3,Clear,0,Year-End Sale,1,sale_event,2
2024-12-21,STORE03,-8.0,0.0,66.1,Clear,0,,0,,0
2024-12-22,STORE03,1.0,0.0,49.8,Sunny,0,,0,,0
2024-12-23,STORE03,4.5,0.7,52.5,Rainy,0,,0,,0
2024-12-24,STORE03,-5.9,0.0,60.8,Clear,0,,0,,0
2024-12-25,STORE03,4.3,0.0,49.1,Sunny,0,Christmas Sale,1,sale_event,1
2024-12-26,STORE03,7.4,1.4,68.8,Rainy,0,,0,,0
2024-12-27,STORE03,0.0,0.0,74.5,Sunny,0,,0,,0
2024-12-28,STORE03,-2.8,0.2,87.5,Snowy,0,,0,,0
2024-12-29,STORE03,-5.3,2.0,55.5,Snowy,0,,0,,0
2024-12-30,STORE03,1.0,0.0,71.1,Sunny,0,,0,,0
2024-12-31,STORE03,2.8,0.0,65.2,Sunny,0,New Year's Eve Concert,1,concert,2
2025-01-01,STORE03,-8.7,0.0,55.1,Clear,0,,0,,0
2025-01-02,STORE03,-5.8,0.0,52.1,Clear,0,,0,,0
2025-01-03,STORE03,-6.7,0.0,56.0,Clear,0,,0,,0
2025-01-04,STORE03,-0.6,0.0,41.9,Clear,0,,0,,0
2025-01-05,STORE03,3.5,6.3,54.5,Rainy,0,,0,,0
2025-01-06,STORE03,-3.9,5.4,38.9,Rainy,0,,0,,0
2025-01-07,STORE03,-5.2,0.0,51.2,Clear,0,,0,,0
2025-01-08,STORE03,-9.8,0.0,56.6,Clear,0,,0,,0
2025-01-09,STORE03,-0.9,6.5,73.8,Rainy,0,,0,,0
2025-01-10,STORE03,-8.7,0.0,41.2,Clear,0,New Year Sale,1,sale_event,2
2025-01-11,STORE03,-4.8,7.8,62.8,Rainy,0,,0,,0
2025-01-12,STORE03,-3.6,0.0,64.2,Clear,0,,0,,0
2025-01-13,STORE03,-8.5,7.2,32.2,Rainy,0,,0,,0
2025-01-14,STORE03,-2.7,0.0,62.8,Clear,1,Uttarayan (Makar Sankranti),1,festival,3
2025-01-15,STORE03,1.4,6.8,39.1,Rainy,1,Uttarayan Day 2,1,festival,3
2025-01-16,STORE03,5.6,7.1,68.1,Rainy,0,,0,,0
2025-01-17,STORE03,4.1,0.0,52.5,Clear,0,,0,,0
2025-01-18,STORE03,1.5,0.0,66.0,Cloudy,0,,0,,0
2025-01-19,STORE03,-6.8,10.3,65.4,Rainy,0,,0,,0
2025-01-20,STORE03,-0.0,0.0,59.7,Sunny,0,,0,,0
2025-01-21,STORE03,-7.8,7.9,46.0,Rainy,0,,0,,0
2025-01-22,STORE03,-5.5,0.0,37.2,Clear,0,,0,,0
2025-01-23,STORE03,-0.5,0.0,47.4,Clear,0,,0,,0
2025-01-24,STORE03,0.1,8.1,70.6,Rainy,0,,0,,0
2025-01-25,STORE03,-6.3,7.2,58.8,Rainy,0,,0,,0
2025-01-26,STORE03,0.6,7.1,58.4,Rainy,1,Republic Day,1,holiday,3
2025-01-27,STORE03,1.5,0.0,77.9,Windy,0,,0,,0
2025-01-28,STORE03,4.6,0.0,42.5,Sunny,0,,0,,0
2025-01-29,STORE03,6.3,0.0,49.1,Sunny,0,,0,,0
2025-01-30,STORE03,0.9,0.0,56.1,Clear,0,,0,,0
2025-01-31,STORE03,-0.8,0.0,43.0,Clear,0,,0,,0
2025-02-01,STORE03,6.1,0.0,49.5,Sunny,0,,0,,0
2025-02-02,STORE03,3.4,0.0,31.0,Clear,0,,0,,0
2025-02-03,STORE03,-4.6,0.0,31.6,Clear,0,,0,,0
2025-02-04,STORE03,-3.4,12.7,58.3,Rainy,0,,0,,0
2025-02-05,STORE03,-0.1,0.0,52.2,Clear,0,,0,,0
2025-02-06,STORE03,-4.1,0.0,38.9,Clear,0,,0,,0
2025-02-07,STORE03,-0.2,0.0,61.1,Clear,0,,0,,0
2025-02-08,STORE03,0.3,0.0,49.7,Sunny,0,,0,,0
2025-02-09,STORE03,-6.2,0.0,53.1,Clear,0,,0,,0
2025-02-10,STORE03,-4.1,0.0,35.8,Clear,0,,0,,0
2025-02-11,STORE03,-0.3,0.0,28.1,Clear,0,,0,,0
2025-02-12,STORE03,1.5,10.6,58.3,Rainy,0,,0,,0
2025-02-13,STORE03,7.0,0.0,37.8,Sunny,0,,0,,0
2025-02-14,STORE03,2.9,12.2,31.8,Rainy,0,Valentine's Concert,1,concert,1
2025-02-15,STORE03,1.0,12.5,52.6,Rainy,0,,0,,0
2025-02-16,STORE03,-2.9,0.0,53.7,Clear,0,,0,,0
2025-02-17,STORE03,1.0,0.0,38.8,Sunny,0,,0,,0
2025-02-18,STORE03,6.7,0.0,35.7,Sunny,0,,0,,0
2025-02-19,STORE03,-7.8,12.1,57.4,Rainy,0,,0,,0
2025-02-20,STORE03,-4.1,0.0,41.4,Clear,0,,0,,0
2025-02-21,STORE03,-5.4,0.0,67.2,Clear,0,,0,,0
2025-02-22,STORE03,1.1,0.0,48.7,Cloudy,0,,0,,0
2025-02-23,STORE03,1.7,0.0,28.8,Sunny,0,,0,,0
2025-02-24,STORE03,-1.6,0.0,57.0,Clear,0,,0,,0
2025-02-25,STORE03,-4.1,0.0,45.5,Clear,0,,0,,0
2025-02-26,STORE03,2.2,10.2,35.2,Rainy,0,,0,,0
2025-02-27,STORE03,-2.8,11.3,24.3,Rainy,0,,0,,0
2025-02-28,STORE03,1.7,0.0,32.4,Sunny,0,,0,,0
2025-03-01,STORE03,12.8,0.0,40.7,Sunny,0,,0,,0
2025-03-02,STORE03,9.4,0.0,43.8,Cloudy,0,,0,,0
2025-03-03,STORE03,10.5,0.0,30.7,Clear,0,,0,,0
2025-03-04,STORE03,4.9,0.0,53.8,Windy,0,,0,,0
2025-03-05,STORE03,7.1,13.9,42.3,Rainy,0,,0,,0
2025-03-06,STORE03,3.7,16.4,50.8,Stormy,0,,0,,0
2025-03-07,STORE03,8.7,0.0,53.8,Sunny,0,,0,,0
2025-03-08,STORE03,10.9,17.3,34.1,Stormy,0,Ahmedabad Food Festival,1,sale_event,1
2025-03-09,STORE03,2.6,0.0,39.8,Sunny,0,,0,,0
2025-03-10,STORE03,4.0,14.0,51.9,Rainy,0,,0,,0
2025-03-11,STORE03,5.5,15.9,47.6,Stormy,0,,0,,0
2025-03-12,STORE03,4.5,0.0,42.2,Sunny,0,,0,,0
2025-03-13,STORE03,-0.7,15.8,38.7,Stormy,0,,0,,0
2025-03-14,STORE03,2.2,0.0,41.6,Sunny,1,Holi,1,festival,3
2025-03-15,STORE03,10.9,0.0,41.6,Cloudy,1,Holi (Dhuleti),1,festival,2
2025-03-16,STORE03,8.3,0.0,46.5,Sunny,0,,0,,0
2025-03-17,STORE03,5.3,0.0,26.5,Cloudy,0,,0,,0
2025-03-18,STORE03,4.6,0.0,42.4,Cloudy,0,,0,,0
2025-03-19,STORE03,5.5,0.0,46.8,Clear,0,,0,,0
2025-03-20,STORE03,8.1,15.0,36.8,Rainy,0,,0,,0
2025-03-21,STORE03,5.0,15.8,36.4,Stormy,0,,0,,0
2025-03-22,STORE03,2.6,14.0,41.5,Rainy,0,,0,,0
2025-03-23,STORE03,9.2,0.0,37.8,Sunny,0,,0,,0
2025-03-24,STORE03,6.9,0.0,44.8,Cloudy,0,,0,,0
2025-03-25,STORE03,-0.4,0.0,20.0,Clear,0,,0,,0
2025-03-26,STORE03,1.6,0.0,60.3,Clear,0,,0,,0
2025-03-27,STORE03,15.4,0.0,44.0,Cloudy,0,,0,,0
2025-03-28,STORE03,8.5,0.0,31.7,Cloudy,0,,0,,0
2025-03-29,STORE03,8.1,19.9,20.0,Stormy,0,,0,,0
2025-03-30,STORE03,5.0,0.0,50.3,Windy,0,,0,,0
2025-03-31,STORE03,16.9,0.0,29.5,Sunny,0,,0,,0
2025-04-01,STORE03,13.2,0.0,48.2,Cloudy,0,,0,,0
2025-04-02,STORE03,17.3,0.0,32.4,Clear,0,,0,,0
2025-04-03,STORE03,14.9,0.0,47.0,Sunny,0,,0,,0
2025-04-04,STORE03,18.7,0.0,59.8,Sunny,0,,0,,0
2025-04-05,STORE03,18.5,16.0,37.2,Stormy,0,IPL Match — Home Game,1,cricket_match,2
2025-04-06,STORE03,19.5,15.6,38.7,Stormy,0,,0,,0
2025-04-07,STORE03,10.9,0.0,51.4,Sunny,0,,0,,0
2025-04-08,STORE03,12.0,0.0,23.7,Clear,0,,0,,0
2025-04-09,STORE03,16.2,15.4,34.3,Stormy,0,,0,,0
2025-04-10,STORE03,8.6,0.0,53.2,Sunny,0,,0,,0
2025-04-11,STORE03,11.8,18.0,33.5,Stormy,0,,0,,0
2025-04-12,STORE03,5.3,0.0,38.1,Clear,0,IPL Match — Rivalry,1,cricket_match,3
2025-04-13,STORE03,14.8,0.0,35.3,Cloudy,0,,0,,0
2025-04-14,STORE03,15.5,19.7,61.3,Stormy,0,,0,,0
2025-04-15,STORE03,10.7,0.0,45.6,Sunny,0,,0,,0
2025-04-16,STORE03,11.1,0.0,43.3,Cloudy,0,,0,,0
2025-04-17,STORE03,11.4,0.0,42.4,Sunny,0,,0,,0
2025-04-18,STORE03,15.7,0.0,26.5,Sunny,0,,0,,0
2025-04-19,STORE03,13.4,15.6,27.7,Stormy,0,IPL Match,1,cricket_match,2
2025-04-20,STORE03,12.2,0.0,20.4,Sunny,0,,0,,0
2025-04-21,STORE03,14.7,0.0,33.9,Windy,0,,0,,0
2025-04-22,STORE03,18.8,0.0,42.4,Sunny,0,,0,,0
2025-04-23,STORE03,8.0,0.0,29.4,Windy,0,,0,,0
2025-04-24,STORE03,20.0,16.2,20.0,Stormy,0,,0,,0
2025-04-25,STORE03,8.7,0.0,35.0,Sunny,0,,0,,0
2025-04-26,STORE03,17.2,18.2,38.6,Stormy,0,IPL Match — Home Game,1,cricket_match,2
2025-04-27,STORE03,8.0,15.9,20.0,Stormy,0,,0,,0
2025-04-28,STORE03,24.0,15.5,45.0,Stormy,0,,0,,0
2025-04-29,STORE03,15.7,0.0,28.4,Windy,0,,0,,0
2025-04-30,STORE03,13.4,17.4,36.4,Stormy,0,,0,,0
2025-05-01,STORE03,23.8,14.3,47.1,Rainy,0,,0,,0
2025-05-02,STORE03,26.8,14.8,42.7,Rainy,0,,0,,0
2025-05-03,STORE03,26.0,25.6,22.1,Stormy,0,IPL Match,1,cricket_match,2
2025-05-04,STORE03,22.0,0.0,33.1,Cloudy,0,,0,,0
2025-05-05,STORE03,18.5,15.3,20.0,Stormy,0,,0,,0
2025-05-06,STORE03,27.6,0.0,35.2,Sunny,0,,0,,0
2025-05-07,STORE03,22.4,0.0,37.9,Cloudy,0,,0,,0
2025-05-08,STORE03,25.5,0.0,46.9,Cloudy,0,,0,,0
2025-05-09,STORE03,18.5,0.0,53.9,Sunny,0,,0,,0
2025-05-10,STORE03,14.2,14.6,41.6,Rainy,0,IPL Match — Playoff,1,cricket_match,3
2025-05-11,STORE03,18.4,0.0,30.2,Cloudy,0,,0,,0
2025-05-12,STORE03,24.9,0.0,46.9,Cloudy,0,,0,,0
2025-05-13,STORE03,19.8,0.0,29.9,Cloudy,0,,0,,0
2025-05-14,STORE03,18.0,0.0,50.2,Windy,0,,0,,0
2025-05-15,STORE03,20.4,0.0,42.7,Sunny,0,,0,,0
2025-05-16,STORE03,20.4,15.9,37.2,Stormy,0,,0,,0
2025-05-17,STORE03,20.3,0.0,52.6,Sunny,0,IPL Match,1,cricket_match,2
2025-05-18,STORE03,26.1,0.0,23.4,Clear,0,,0,,0
2025-05-19,STORE03,16.6,16.0,32.3,Stormy,0,,0,,0
2025-05-20,STORE03,21.0,0.0,57.7,Sunny,0,,0,,0
2025-05-21,STORE03,16.2,0.0,27.8,Sunny,0,,0,,0
2025-05-22,STORE03,23.3,0.0,20.0,Sunny,0,,0,,0
2025-05-23,STORE03,23.6,0.0,42.1,Cloudy,0,,0,,0
2025-05-24,STORE03,18.8,0.0,36.5,Sunny,0,IPL Final (if qualified),1,cricket_match,3
2025-05-25,STORE03,19.6,16.7,27.6,Stormy,0,,0,,0
2025-05-26,STORE03,12.4,15.8,55.9,Stormy,0,,0,,0
2025-05-27,STORE03,22.8,0.0,50.2,Cloudy,0,,0,,0
2025-05-28,STORE03,18.1,0.0,28.9,Sunny,0,,0,,0
2025-05-29,STORE03,20.8,18.0,20.0,Stormy,0,,0,,0
2025-05-30,STORE03,24.4,0.0,37.9,Sunny,0,,0,,0
2025-05-31,STORE03,23.8,14.5,36.5,Rainy,0,,0,,0
2025-06-01,STORE03,33.1,0.0,51.5,Windy,0,,0,,0
2025-06-02,STORE03,25.6,0.0,20.0,Cloudy,0,,0,,0
2025-06-03,STORE03,27.9,0.0,31.6,Windy,0,,0,,0
2025-06-04,STORE03,30.0,14.1,56.1,Rainy,0,,0,,0
2025-06-05,STORE03,33.6,10.1,37.6,Rainy,0,,0,,0
2025-06-06,STORE03,22.6,0.0,45.0,Clear,0,,0,,0
2025-06-07,STORE03,23.6,0.0,36.5,Clear,0,,0,,0
2025-06-08,STORE03,27.6,0.0,42.8,Clear,0,,0,,0
2025-06-09,STORE03,28.8,11.2,61.9,Rainy,0,,0,,0
2025-06-10,STORE03,27.6,11.0,27.7,Rainy,0,,0,,0
2025-06-11,STORE03,35.3,0.0,45.0,Clear,0,,0,,0
2025-06-12,STORE03,29.7,0.0,50.5,Cloudy,0,,0,,0
2025-06-13,STORE03,24.7,15.4,33.2,Stormy,0,,0,,0
2025-06-14,STORE03,24.4,0.0,38.1,Cloudy,0,,0,,0
2025-06-15,STORE03,28.4,13.9,52.4,Rainy,0,Summer Sale,1,sale_event,2
2025-06-16,STORE03,25.6,0.0,47.1,Clear,0,,0,,0
2025-06-17,STORE03,28.6,0.0,49.2,Windy,0,,0,,0
2025-06-18,STORE03,28.4,0.0,42.9,Windy,0,,0,,0
2025-06-19,STORE03,25.0,0.0,55.5,Windy,0,,0,,0
2025-06-20,STORE03,29.3,0.0,55.7,Cloudy,0,,0,,0
2025-06-21,STORE03,20.1,13.3,44.3,Rainy,0,,0,,0
2025-06-22,STORE03,17.5,0.0,57.0,Clear,0,,0,,0
2025-06-23,STORE03,19.6,11.3,42.9,Rainy,0,,0,,0
2025-06-24,STORE03,30.6,11.8,39.4,Rainy,0,,0,,0
2025-06-25,STORE03,34.4,0.0,52.0,Cloudy,0,,0,,0
2025-06-26,STORE03,30.9,0.0,48.2,Clear,0,,0,,0
2025-06-27,STORE03,26.4,0.0,23.8,Cloudy,0,,0,,0
2025-06-28,STORE03,22.6,10.6,60.8,Rainy,0,,0,,0
2025-06-29,STORE03,29.0,12.3,49.1,Rainy,0,,0,,0
2025-06-30,STORE03,26.0,0.0,29.6,Sunny,0,,0,,0
2025-07-01,STORE03,33.1,0.0,66.6,Cloudy,0,Monsoon Clearance,1,sale_event,1
2025-07-02,STORE03,30.6,0.0,59.2,Cloudy,0,,0,,0
2025-07-03,STORE03,28.0,5.7,56.0,Rainy,0,,0,,0
2025-07-04,STORE03,28.5,5.9,59.1,Rainy,0,,0,,0
2025-07-05,STORE03,22.6,0.0,64.1,Sunny,0,,0,,0
2025-07-06,STORE03,25.4,5.2,56.1,Rainy,0,,0,,0
2025-07-07,STORE03,33.0,0.0,58.0,Clear,0,,0,,0
2025-07-08,STORE03,28.2,0.0,55.5,Sunny,0,,0,,0
2025-07-09,STORE03,29.3,0.0,51.4,Clear,0,,0,,0
2025-07-10,STORE03,32.0,0.0,49.9,Sunny,0,,0,,0
2025-07-11,STORE03,20.2,7.9,58.9,Rainy,0,,0,,0
2025-07-12,STORE03,31.6,0.0,63.3,Cloudy,0,,0,,0
2025-07-13,STORE03,31.3,8.4,52.1,Rainy,0,,0,,0
2025-07-14,STORE03,23.1,0.0,75.4,Clear,0,,0,,0
2025-07-15,STORE03,35.0,0.0,59.8,Sunny,0,,0,,0
2025-07-16,STORE03,30.9,0.0,66.5,Sunny,0,,0,,0
2025-07-17,STORE03,33.2,0.0,64.5,Cloudy,0,,0,,0
2025-07-18,STORE03,18.5,0.0,50.6,Cloudy,0,,0,,0
2025-07-19,STORE03,29.3,0.0,61.4,Sunny,0,,0,,0
2025-07-20,STORE03,27.5,0.0,51.7,Cloudy,0,,0,,0
2025-07-21,STORE03,18.8,7.2,49.0,Rainy,0,,0,,0
2025-07-22,STORE03,35.7,5.2,61.3,Rainy,0,,0,,0
2025-07-23,STORE03,26.7,0.0,48.1,Cloudy,0,,0,,0
2025-07-24,STORE03,21.9,0.0,66.0,Clear,0,,0,,0
2025-07-25,STORE03,35.4,0.0,59.4,Windy,0,,0,,0
2025-07-26,STORE03,29.5,0.0,32.6,Sunny,0,,0,,0
2025-07-27,STORE03,32.7,0.0,64.8,Clear,0,,0,,0
2025-07-28,STORE03,32.3,0.0,55.8,Cloudy,0,,0,,0
2025-07-29,STORE03,27.1,0.0,47.6,Sunny,0,,0,,0
2025-07-30,STORE03,26.0,0.0,38.7,Sunny,0,,0,,0
2025-07-31,STORE03,31.0,0.0,48.1,Clear,0,,0,,0
2025-08-01,STORE03,26.4,4.4,74.1,Rainy,0,,0,,0
2025-08-02,STORE03,28.8,2.1,70.5,Rainy,0,,0,,0
2025-08-03,STORE03,26.6,0.0,69.2,Cloudy,0,,0,,0
2025-08-04,STORE03,21.4,0.0,79.3,Cloudy,0,,0,,0
2025-08-05,STORE03,22.4,0.0,52.9,Sunny,0,,0,,0
2025-08-06,STORE03,25.2,0.0,57.0,Sunny,0,,0,,0
2025-08-07,STORE03,20.8,0.0,60.1,Cloudy,0,,0,,0
2025-08-08,STORE03,24.6,0.0,67.7,Cloudy,0,,0,,0
2025-08-09,STORE03,27.2,0.0,65.0,Clear,0,,0,,0
2025-08-10,STORE03,24.9,0.0,71.6,Clear,0,Freedom Sale,1,sale_event,2
2025-08-11,STORE03,30.3,0.0,70.6,Windy,0,,0,,0
2025-08-12,STORE03,27.4,0.4,62.6,Rainy,0,,0,,0
2025-08-13,STORE03,23.2,0.0,77.2,Sunny,0,,0,,0
2025-08-14,STORE03,24.6,0.0,74.4,Sunny,0,,0,,0
2025-08-15,STORE03,28.8,0.0,63.0,Clear,1,Independence Day,1,holiday,3
2025-08-16,STORE03,25.1,0.0,65.1,Sunny,0,,0,,0
2025-08-17,STORE03,27.0,0.0,59.6,Cloudy,0,,0,,0
2025-08-18,STORE03,34.8,0.0,57.4,Clear,0,,0,,0
2025-08-19,STORE03,25.9,0.0,48.0,Cloudy,0,,0,,0
2025-08-20,STORE03,30.1,0.0,73.6,Clear,0,,0,,0
2025-08-21,STORE03,26.0,0.0,47.4,Cloudy,0,,0,,0
2025-08-22,STORE03,32.9,0.0,79.9,Clear,0,,0,,0
2025-08-23,STORE03,19.6,0.5,93.8,Rainy,0,,0,,0
2025-08-24,STORE03,25.8,1.3,71.9,Rainy,0,,0,,0
2025-08-25,STORE03,17.7,0.0,76.2,Sunny,0,,0,,0
2025-08-26,STORE03,25.9,0.0,59.7,Windy,1,Janmashtami,1,festival,2
2025-08-27,STORE03,19.2,1.3,72.0,Rainy,0,,0,,0
2025-08-28,STORE03,25.4,2.1,58.7,Rainy,0,,0,,0
2025-08-29,STORE03,30.6,0.0,65.3,Cloudy,0,,0,,0
2025-08-30,STORE03,23.3,0.0,72.5,Sunny,0,,0,,0
2025-08-31,STORE03,24.6,0.0,78.4,Sunny,0,,0,,0
2025-09-01,STORE03,25.2,0.5,84.5,Rainy,0,,0,,0
2025-09-02,STORE03,21.8,0.0,73.2,Cloudy,0,,0,,0
2025-09-03,STORE03,23.4,0.0,81.7,Foggy,0,,0,,0
2025-09-04,STORE03,20.2,1.2,70.8,Rainy,0,,0,,0
2025-09-05,STORE03,19.8,0.0,78.7,Windy,0,,0,,0
2025-09-06,STORE03,22.4,2.5,75.8,Rainy,0,,0,,0
2025-09-07,STORE03,25.8,1.6,71.8,Rainy,1,Ganesh Chaturthi,1,festival,2
2025-09-08,STORE03,24.3,0.0,66.5,Windy,0,,0,,0
2025-09-09,STORE03,20.4,0.7,65.6,Rainy,0,,0,,0
2025-09-10,STORE03,20.8,0.0,81.3,Foggy,0,,0,,0
2025-09-11,STORE03,15.0,0.0,72.1,Sunny,0,,0,,0
2025-09-12,STORE03,18.7,1.6,72.4,Rainy,0,,0,,0
2025-09-13,STORE03,13.8,0.6,70.8,Rainy,0,,0,,0
2025-09-14,STORE03,12.9,5.9,77.2,Rainy,0,,0,,0
2025-09-15,STORE03,26.8,0.0,100.0,Foggy,0,,0,,0
2025-09-16,STORE03,19.7,0.5,97.0,Rainy,0,,0,,0
2025-09-17,STORE03,28.2,0.0,65.2,Clear,0,,0,,0
2025-09-18,STORE03,20.3,0.0,64.5,Sunny,0,,0,,0
2025-09-19,STORE03,18.9,0.0,77.8,Clear,0,,0,,0
2025-09-20,STORE03,13.8,0.0,87.5,Foggy,0,,0,,0
2025-09-21,STORE03,22.7,0.0,71.0,Clear,0,,0,,0
2025-09-22,STORE03,18.7,0.0,80.1,Foggy,0,,0,,0
2025-09-23,STORE03,26.0,1.1,74.0,Rainy,0,,0,,0
2025-09-24,STORE03,17.7,0.0,48.9,Cloudy,0,,0,,0
2025-09-25,STORE03,19.2,0.0,60.3,Sunny,0,,0,,0
2025-09-26,STORE03,22.8,1.1,86.6,Rainy,0,,0,,0
2025-09-27,STORE03,29.9,1.8,62.2,Rainy,0,,0,,0
2025-09-28,STORE03,15.2,0.0,78.1,Cloudy,0,,0,,0
2025-09-29,STORE03,19.2,2.7,73.0,Rainy,0,,0,,0
2025-09-30,STORE03,24.7,0.0,74.2,Cloudy,0,,0,,0
2025-10-01,STORE03,16.6,0.2,64.7,Rainy,0,Festive Season Sale,1,sale_event,3
2025-10-02,STORE03,12.4,0.4,80.6,Rainy,0,,0,,0
2025-10-03,STORE03,13.4,0.0,70.6,Sunny,1,Navratri Day 1,1,festival,3
2025-10-04,STORE03,13.4,0.0,67.9,Cloudy,1,Navratri Day 2,1,festival,3
2025-10-05,STORE03,13.1,0.0,53.4,Cloudy,1,Navratri Day 3,1,festival,3
2025-10-06,STORE03,16.7,1.2,84.1,Rainy,1,Navratri Day 4,1,festival,3
2025-10-07,STORE03,16.9,0.0,67.3,Sunny,1,Navratri Day 5,1,festival,3
2025-10-08,STORE03,6.2,0.0,92.3,Foggy,1,Navratri Day 6,1,festival,3
2025-10-09,STORE03,15.7,0.2,63.9,Rainy,1,Navratri Day 7,1,festival,3
2025-10-10,STORE03,19.3,0.5,70.1,Rainy,1,Navratri Day 8,1,festival,3
2025-10-11,STORE03,13.8,0.0,63.0,Windy,1,Navratri Day 9 (Maha Navami),1,festival,3
2025-10-12,STORE03,11.9,0.0,87.4,Foggy,1,Dussehra,1,festival,3
2025-10-13,STORE03,3.6,0.0,77.8,Sunny,0,,0,,0
2025-10-14,STORE03,5.2,0.2,71.5,Rainy,0,,0,,0
2025-10-15,STORE03,8.1,0.0,79.1,Cloudy,0,,0,,0
2025-10-16,STORE03,14.3,0.0,63.3,Sunny,0,,0,,0
2025-10-17,STORE03,15.8,0.0,78.8,Windy,0,,0,,0
2025-10-18,STORE03,13.2,0.0,89.6,Foggy,0,,0,,0
2025-10-19,STORE03,9.2,0.0,74.0,Sunny,0,,0,,0
2025-10-20,STORE03,6.2,0.0,79.3,Sunny,0,,0,,0
2025-10-21,STORE03,5.8,0.0,82.4,Foggy,0,,0,,0
2025-10-22,STORE03,13.5,4.8,71.0,Rainy,0,,0,,0
2025-10-23,STORE03,12.1,9.4,60.0,Rainy,0,,0,,0
2025-10-24,STORE03,11.3,4.7,61.2,Rainy,0,,0,,0
2025-10-25,STORE03,10.3,0.4,64.6,Rainy,0,,0,,0
2025-10-26,STORE03,11.4,3.0,71.7,Rainy,0,,0,,0
2025-10-27,STORE03,7.2,0.0,85.3,Foggy,0,,0,,0
2025-10-28,STORE03,13.0,0.0,65.7,Windy,0,,0,,0
2025-10-29,STORE03,10.3,0.0,81.3,Foggy,0,,0,,0
2025-10-30,STORE03,14.3,0.0,75.3,Sunny,0,,0,,0
2025-10-31,STORE03,7.0,2.1,69.2,Rainy,0,,0,,0
2025-11-01,STORE03,11.7,0.0,72.1,Sunny,1,Diwali,1,festival,3
2025-11-02,STORE03,1.8,0.0,87.0,Foggy,1,Diwali (Govardhan Puja),1,festival,3
2025-11-03,STORE03,5.8,0.0,74.2,Cloudy,1,Bhai Dooj,1,festival,2
2025-11-04,STORE03,5.7,13.2,78.1,Rainy,0,,0,,0
2025-11-05,STORE03,4.2,0.3,83.0,Rainy,0,,0,,0
2025-11-06,STORE03,-1.2,0.0,78.8,Clear,0,,0,,0
2025-11-07,STORE03,7.1,0.0,85.7,Foggy,0,,0,,0
2025-11-08,STORE03,8.4,0.0,64.2,Sunny,0,,0,,0
2025-11-09,STORE03,7.8,1.8,74.9,Rainy,0,,0,,0
2025-11-10,STORE03,2.6,0.0,69.8,Cloudy,0,,0,,0
2025-11-11,STORE03,8.7,0.0,84.2,Foggy,0,,0,,0
2025-11-12,STORE03,5.6,4.1,45.2,Rainy,0,,0,,0
2025-11-13,STORE03,6.9,0.0,67.0,Sunny,0,,0,,0
2025-11-14,STORE03,1.3,0.0,56.0,Sunny,0,,0,,0
2025-11-15,STORE03,6.9,1.8,70.3,Rainy,0,Sabarmati Festival,1,concert,2
2025-11-16,STORE03,14.8,4.8,72.2,Rainy,0,,0,,0
2025-11-17,STORE03,5.5,0.0,66.6,Windy,0,,0,,0
2025-11-18,STORE03,4.2,0.0,54.9,Sunny,0,,0,,0
2025-11-19,STORE03,-1.3,0.7,68.8,Snowy,0,,0,,0
2025-11-20,STORE03,0.5,0.1,86.5,Rainy,0,,0,,0
2025-11-21,STORE03,3.4,1.5,75.2,Rainy,0,,0,,0
2025-11-22,STORE03,7.9,0.0,79.6,Cloudy,0,,0,,0
2025-11-23,STORE03,12.2,0.0,62.7,Cloudy,0,,0,,0
2025-11-24,STORE03,0.4,0.0,71.0,Cloudy,0,,0,,0
2025-11-25,STORE03,8.0,0.0,57.6,Sunny,0,,0,,0
2025-11-26,STORE03,6.6,0.0,78.4,Cloudy,0,,0,,0
2025-11-27,STORE03,11.5,0.0,49.3,Windy,0,,0,,0
2025-11-28,STORE03,4.2,0.6,69.2,Rainy,0,,0,,0
2025-11-29,STORE03,9.7,3.6,55.1,Rainy,0,,0,,0
2025-11-30,STORE03,1.6,0.0,67.8,Cloudy,0,,0,,0
2025-12-01,STORE03,0.0,1.1,68.4,Rainy,0,,0,,0
2025-12-02,STORE03,6.3,0.0,67.2,Sunny,0,,0,,0
2025-12-03,STORE03,-3.7,0.8,54.9,Snowy,0,,0,,0
2025-12-04,STORE03,-5.5,2.5,69.5,Snowy,0,,0,,0
2025-12-05,STORE03,-3.0,0.0,80.4,Clear,0,,0,,0
2025-12-06,STORE03,-3.4,3.4,58.2,Snowy,0,,0,,0
2025-12-07,STORE03,4.9,2.5,53.2,Rainy,0,,0,,0
2025-12-08,STORE03,-0.9,3.6,54.8,Snowy,0,,0,,0
2025-12-09,STORE03,-0.7,1.7,74.8,Snowy,0,,0,,0
2025-12-10,STORE03,1.3,0.0,60.6,Cloudy,0,,0,,0
2025-12-11,STORE03,-0.5,0.0,71.8,Clear,0,,0,,0
2025-12-12,STORE03,-3.5,0.0,49.0,Clear,0,,0,,0
2025-12-13,STORE03,4.2,2.2,62.8,Rainy,0,,0,,0
2025-12-14,STORE03,-2.8,0.6,76.1,Snowy,0,,0,,0
2025-12-15,STORE03,7.7,0.2,77.4,Rainy,0,,0,,0
2025-12-16,STORE03,-4.9,0.0,68.1,Clear,0,,0,,0
2025-12-17,STORE03,0.6,0.9,67.2,Rainy,0,,0,,0
2025-12-18,STORE03,-1.2,0.0,54.5,Clear,0,,0,,0
2025-12-19,STORE03,4.4,1.7,74.8,Rainy,0,,0,,0
2025-12-20,STORE03,4.3,0.0,74.2,Clear,0,Year-End Sale,1,sale_event,2
2025-12-21,STORE03,-2.4,0.0,69.9,Clear,0,,0,,0
2025-12-22,STORE03,1.9,2.7,72.0,Rainy,0,,0,,0
2025-12-23,STORE03,0.5,0.0,62.6,Clear,0,,0,,0
2025-12-24,STORE03,-0.4,1.6,70.0,Snowy,0,,0,,0
2025-12-25,STORE03,6.2,0.0,59.9,Sunny,0,Christmas Sale,1,sale_event,1
2025-12-26,STORE03,-2.4,0.0,76.4,Clear,0,,0,,0
2025-12-27,STORE03,-7.2,0.0,57.1,Clear,0,,0,,0
2025-12-28,STORE03,-6.7,0.0,69.1,Clear,0,,0,,0
2025-12-29,STORE03,2.5,0.0,50.1,Clear,0,,0,,0
2025-12-30,STORE03,6.2,0.0,63.9,Sunny,0,,0,,0
2025-12-31,STORE03,-2.8,0.0,71.9,Clear,0,New Year's Eve Concert,1,concert,2
2026-01-01,STORE03,-6.5,0.0,50.0,Clear,0,,0,,0
2026-01-02,STORE03,5.0,0.0,56.7,Clear,0,,0,,0
2026-01-03,STORE03,-2.2,0.0,62.0,Clear,0,,0,,0
2026-01-04,STORE03,2.0,6.2,54.3,Rainy,0,,0,,0
2026-01-05,STORE03,-1.1,6.2,47.2,Rainy,0,,0,,0
2026-01-06,STORE03,6.1,0.0,63.8,Windy,0,,0,,0
2026-01-07,STORE03,-6.6,7.4,47.0,Rainy,0,,0,,0
2026-01-08,STORE03,-3.5,6.1,59.7,Rainy,0,,0,,0
2026-01-09,STORE03,-1.9,6.6,45.8,Rainy,0,,0,,0
2026-01-10,STORE03,-4.1,0.0,37.0,Clear,0,New Year Sale,1,sale_event,2
2026-01-11,STORE03,0.4,0.0,65.2,Sunny,0,,0,,0
2026-01-12,STORE03,0.2,0.0,71.4,Clear,0,,0,,0
2026-01-13,STORE03,-3.6,5.2,57.1,Rainy,0,,0,,0
2026-01-14,STORE03,7.6,0.0,49.1,Clear,1,Uttarayan (Makar Sankranti),1,festival,3
2026-01-15,STORE03,-0.6,0.0,35.2,Clear,1,Uttarayan Day 2,1,festival,3
2026-01-16,STORE03,-3.0,0.0,39.9,Clear,0,,0,,0
2026-01-17,STORE03,-6.9,6.8,43.9,Rainy,0,,0,,0
2026-01-18,STORE03,-9.4,0.0,65.2,Clear,0,,0,,0
2026-01-19,STORE03,0.2,0.0,57.5,Cloudy,0,,0,,0
2026-01-20,STORE03,-7.7,0.0,67.1,Clear,0,,0,,0
2026-01-21,STORE03,1.2,5.2,37.3,Rainy,0,,0,,0
2026-01-22,STORE03,-0.8,0.0,59.2,Clear,0,,0,,0
2026-01-23,STORE03,-3.1,0.0,61.5,Clear,0,,0,,0
2026-01-24,STORE03,-1.0,7.1,49.2,Rainy,0,,0,,0
2026-01-25,STORE03,-4.1,0.0,55.6,Clear,0,,0,,0
2026-01-26,STORE03,0.3,0.0,50.9,Windy,1,Republic Day,1,holiday,3
2026-01-27,STORE03,-4.4,0.0,55.4,Clear,0,,0,,0
2026-01-28,STORE03,9.9,0.0,68.6,Clear,0,,0,,0
2026-01-29,STORE03,0.1,0.0,64.6,Cloudy,0,,0,,0
2026-01-30,STORE03,0.9,8.1,53.6,Rainy,0,,0,,0
2026-01-31,STORE03,-0.3,9.7,68.5,Rainy,0,,0,,0
2026-02-01,STORE03,0.3,11.3,38.4,Rainy,0,,0,,0
2026-02-02,STORE03,-6.4,11.7,43.3,Rainy,0,,0,,0
2026-02-03,STORE03,1.5,0.0,44.5,Sunny,0,,0,,0
2026-02-04,STORE03,-2.9,0.0,62.9,Clear,0,,0,,0
2026-02-05,STORE03,-1.5,0.0,46.2,Clear,0,,0,,0
2026-02-06,STORE03,0.6,0.0,35.5,Sunny,0,,0,,0
2026-02-07,STORE03,-3.8,0.0,36.6,Clear,0,,0,,0
2026-02-08,STORE03,2.7,0.0,45.8,Sunny,0,,0,,0
2026-02-09,STORE03,-1.8,10.4,53.7,Rainy,0,,0,,0
2026-02-10,STORE03,-4.2,13.6,32.4,Rainy,0,,0,,0
2026-02-11,STORE03,-3.3,13.4,32.7,Rainy,0,,0,,0
2026-02-12,STORE03,-0.9,0.0,40.1,Clear,0,,0,,0
2026-02-13,STORE03,1.5,0.0,58.9,Sunny,0,,0,,0
2026-02-14,STORE03,7.0,0.0,41.3,Sunny,0,Valentine's Concert,1,concert,1
2026-02-15,STORE03,-1.1,0.0,31.7,Clear,0,,0,,0
2026-02-16,STORE03,-2.4,12.4,33.3,Rainy,0,,0,,0
2026-02-17,STORE03,6.9,0.0,49.6,Clear,0,,0,,0
2026-02-18,STORE03,9.9,0.0,45.8,Clear,0,,0,,0
2026-02-19,STORE03,0.6,0.0,42.5,Clear,0,,0,,0
2026-02-20,STORE03,-0.3,12.7,40.9,Rainy,0,,0,,0
2026-02-21,STORE03,-2.2,0.0,56.2,Clear,0,,0,,0
2026-02-22,STORE03,-5.1,0.0,47.6,Clear,0,,0,,0
2026-02-23,STORE03,-8.3,0.0,46.2,Clear,0,,0,,0
2026-02-24,STORE03,1.8,13.5,54.4,Rainy,0,,0,,0
2026-02-25,STORE03,-1.0,0.0,56.5,Clear,0,,0,,0
2026-02-26,STORE03,-9.7,0.0,54.0,Clear,0,,0,,0
2026-02-27,STORE03,3.8,15.2,35.3,Stormy,0,,0,,0
2026-02-28,STORE03,-0.4,0.0,58.6,Clear,0,,0,,0
2026-03-01,STORE03,2.2,0.0,27.5,Cloudy,0,,0,,0
2026-03-02,STORE03,3.5,17.9,51.9,Stormy,0,,0,,0
2026-03-03,STORE03,6.4,0.0,28.4,Clear,0,,0,,0
2026-03-04,STORE03,7.8,0.0,43.3,Sunny,0,,0,,0
2026-03-05,STORE03,4.7,0.0,48.7,Cloudy,0,,0,,0
2026-03-06,STORE03,1.7,0.0,35.2,Cloudy,0,,0,,0
2026-03-07,STORE03,11.7,0.0,39.2,Sunny,0,,0,,0
2026-03-08,STORE03,7.3,0.0,49.6,Clear,0,Ahmedabad Food Festival,1,sale_event,1
2026-03-09,STORE03,9.9,0.0,45.8,Sunny,0,,0,,0
2026-03-10,STORE03,7.3,15.8,36.3,Stormy,0,,0,,0
2026-03-11,STORE03,9.1,0.0,32.7,Cloudy,0,,0,,0
2026-03-12,STORE03,10.0,0.0,33.4,Clear,0,,0,,0
2026-03-13,STORE03,1.3,19.7,53.5,Stormy,0,,0,,0
2026-03-14,STORE03,5.9,19.5,39.9,Stormy,1,Holi,1,festival,3
2026-03-15,STORE03,9.3,0.0,37.7,Sunny,1,Holi (Dhuleti),1,festival,2
2026-03-16,STORE03,12.7,14.2,29.0,Rainy,0,,0,,0
2026-03-17,STORE03,5.7,0.0,34.7,Clear,0,,0,,0
2026-03-18,STORE03,8.6,0.0,28.6,Cloudy,0,,0,,0
2026-03-19,STORE03,4.5,0.0,35.2,Sunny,0,,0,,0
2026-03-20,STORE03,-1.4,0.0,42.4,Clear,0,,0,,0
2026-03-21,STORE03,1.5,0.0,37.9,Sunny,0,,0,,0
2026-03-22,STORE03,11.4,0.0,47.0,Cloudy,0,,0,,0
2026-03-23,STORE03,6.0,0.0,28.3,Sunny,0,,0,,0
2026-03-24,STORE03,2.3,0.0,28.7,Sunny,0,,0,,0
2026-03-25,STORE03,2.7,0.0,50.9,Sunny,0,,0,,0
2026-03-26,STORE03,9.7,0.0,20.0,Cloudy,0,,0,,0
2026-03-27,STORE03,5.9,14.2,30.2,Rainy,0,,0,,0
2026-03-28,STORE03,9.3,0.0,39.4,Windy,0,,0,,0
2026-03-29,STORE03,8.6,15.9,47.4,Stormy,0,,0,,0
2026-03-30,STORE03,0.9,16.3,32.9,Stormy,0,,0,,0
2026-03-31,STORE03,6.9,0.0,42.7,Windy,0,,0,,0
2026-04-01,STORE03,16.3,15.7,42.9,Stormy,0,,0,,0
